day,month,year,waterbody,site,depth,reps,variable,value
1,6,2017,yawgoo,blank,int,1,blank,
1,6,2017,yawgoo,blank,int,2,blank,
1,6,2017,yawgoo,1,int,1,phyco_rfu,
1,6,2017,yawgoo,1,int,2,phyco_rfu,
1,6,2017,yawgoo,1,int,1,filter_vol,
1,6,2017,yawgoo,2,int,1,phyco_rfu,
1,6,2017,yawgoo,2,int,2,phyco_rfu,
1,6,2017,yawgoo,2,int,1,filter_vol,
1,6,2017,yawgoo,3,int,1,phyco_rfu,
1,6,2017,yawgoo,3,int,2,phyco_rfu,
1,6,2017,yawgoo,3,int,1,filter_vol,
1,6,2017,yawgoo,4,int,1,phyco_rfu,
1,6,2017,yawgoo,4,int,2,phyco_rfu,
1,6,2017,yawgoo,4,int,1,filter_vol,
1,6,2017,yawgoo,5,int,1,phyco_rfu,
1,6,2017,yawgoo,5,int,2,phyco_rfu,
1,6,2017,yawgoo,5,int,1,filter_vol,
1,6,2017,yawgoo,6,int,1,phyco_rfu,
1,6,2017,yawgoo,6,int,2,phyco_rfu,
1,6,2017,yawgoo,6,int,2,filter_vol,
1,6,2017,yawgoo,p,int,1,phyco_rfu,
1,6,2017,yawgoo,p,int,2,phyco_rfu,
1,6,2017,yawgoo,p,int,3,phyco_rfu,
1,6,2017,yawgoo,p,int,1,filter_vol,
1,6,2017,warwick,blank,int,1,blank,
1,6,2017,warwick,blank,int,2,blank,
1,6,2017,warwick,1,int,1,phyco_rfu,
1,6,2017,warwick,1,int,2,phyco_rfu,
1,6,2017,warwick,1,int,1,filter_vol,
1,6,2017,warwick,2,int,1,phyco_rfu,
1,6,2017,warwick,2,int,2,phyco_rfu,
1,6,2017,warwick,2,int,1,filter_vol,
1,6,2017,warwick,3,int,1,phyco_rfu,
1,6,2017,warwick,3,int,2,phyco_rfu,
1,6,2017,warwick,3,int,1,filter_vol,
1,6,2017,warwick,4,int,1,phyco_rfu,
1,6,2017,warwick,4,int,2,phyco_rfu,
1,6,2017,warwick,4,int,1,filter_vol,
1,6,2017,warwick,5,int,1,phyco_rfu,
1,6,2017,warwick,5,int,2,phyco_rfu,
1,6,2017,warwick,5,int,1,filter_vol,
1,6,2017,warwick,6,int,1,phyco_rfu,
1,6,2017,warwick,6,int,2,phyco_rfu,
1,6,2017,warwick,6,int,1,filter_vol,
1,6,2017,warwick,p,int,1,phyco_rfu,
1,6,2017,warwick,p,int,2,phyco_rfu,
1,6,2017,warwick,p,int,3,phyco_rfu,
1,6,2017,warwick,p,int,1,filter_vol,
7,6,2017,yawgoo,blank,int,1,blank,
7,6,2017,yawgoo,blank,int,2,blank,
7,6,2017,yawgoo,1,int,1,phyco_rfu,
7,6,2017,yawgoo,1,int,2,phyco_rfu,
7,6,2017,yawgoo,1,int,1,filter_vol,
7,6,2017,yawgoo,2,int,1,phyco_rfu,
7,6,2017,yawgoo,2,int,2,phyco_rfu,
7,6,2017,yawgoo,2,int,1,filter_vol,
7,6,2017,yawgoo,3,int,1,phyco_rfu,
7,6,2017,yawgoo,3,int,2,phyco_rfu,
7,6,2017,yawgoo,3,int,1,filter_vol,
7,6,2017,yawgoo,4,int,1,phyco_rfu,
7,6,2017,yawgoo,4,int,2,phyco_rfu,
7,6,2017,yawgoo,4,int,1,filter_vol,
7,6,2017,yawgoo,5,int,1,phyco_rfu,
7,6,2017,yawgoo,5,int,2,phyco_rfu,
7,6,2017,yawgoo,5,int,1,filter_vol,
7,6,2017,yawgoo,6,int,1,phyco_rfu,
7,6,2017,yawgoo,6,int,2,phyco_rfu,
7,6,2017,yawgoo,6,int,1,filter_vol,
7,6,2017,yawgoo,p,int,1,phyco_rfu,
7,6,2017,yawgoo,p,int,2,phyco_rfu,
7,6,2017,yawgoo,p,int,3,phyco_rfu,
7,6,2017,yawgoo,p,int,1,filter_vol,
7,6,2017,warwick,blank,int,1,blank,
7,6,2017,warwick,blank,int,2,blank,
7,6,2017,warwick,1,int,1,phyco_rfu,
7,6,2017,warwick,1,int,2,phyco_rfu,
7,6,2017,warwick,1,int,1,filter_vol,
7,6,2017,warwick,2,int,1,phyco_rfu,
7,6,2017,warwick,2,int,2,phyco_rfu,
7,6,2017,warwick,2,int,1,filter_vol,
7,6,2017,warwick,3,int,1,phyco_rfu,
7,6,2017,warwick,3,int,2,phyco_rfu,
7,6,2017,warwick,3,int,1,filter_vol,
7,6,2017,warwick,4,int,1,phyco_rfu,
7,6,2017,warwick,4,int,2,phyco_rfu,
7,6,2017,warwick,4,int,1,filter_vol,
7,6,2017,warwick,5,int,1,phyco_rfu,
7,6,2017,warwick,5,int,2,phyco_rfu,
7,6,2017,warwick,5,int,1,filter_vol,
7,6,2017,warwick,6,int,1,phyco_rfu,
7,6,2017,warwick,6,int,2,phyco_rfu,
7,6,2017,warwick,6,int,1,filter_vol,
7,6,2017,warwick,p,int,1,phyco_rfu,
7,6,2017,warwick,p,int,2,phyco_rfu,
7,6,2017,warwick,p,int,3,phyco_rfu,
7,6,2017,warwick,p,int,1,filter_vol,
12,6,2017,yawgoo,blank,int,1,blank,
12,6,2017,yawgoo,blank,int,2,blank,
12,6,2017,yawgoo,1,int,1,phyco_rfu,
12,6,2017,yawgoo,1,int,2,phyco_rfu,
12,6,2017,yawgoo,1,int,1,filter_vol,
12,6,2017,yawgoo,2,int,1,phyco_rfu,
12,6,2017,yawgoo,2,int,2,phyco_rfu,
12,6,2017,yawgoo,2,int,1,filter_vol,
12,6,2017,yawgoo,3,int,1,phyco_rfu,
12,6,2017,yawgoo,3,int,2,phyco_rfu,
12,6,2017,yawgoo,3,int,1,filter_vol,
12,6,2017,yawgoo,4,int,1,phyco_rfu,
12,6,2017,yawgoo,4,int,2,phyco_rfu,
12,6,2017,yawgoo,4,int,1,filter_vol,
12,6,2017,yawgoo,5,int,1,phyco_rfu,
12,6,2017,yawgoo,5,int,2,phyco_rfu,
12,6,2017,yawgoo,5,int,1,filter_vol,
12,6,2017,yawgoo,6,int,1,phyco_rfu,
12,6,2017,yawgoo,6,int,2,phyco_rfu,
12,6,2017,yawgoo,6,int,1,filter_vol,
12,6,2017,yawgoo,p,int,1,phyco_rfu,
12,6,2017,yawgoo,p,int,2,phyco_rfu,
12,6,2017,yawgoo,p,int,3,phyco_rfu,
12,6,2017,yawgoo,p,int,1,filter_vol,
12,6,2017,warwick,blank,int,1,blank,
12,6,2017,warwick,blank,int,2,blank,
12,6,2017,warwick,1,int,1,phyco_rfu,
12,6,2017,warwick,1,int,2,phyco_rfu,
12,6,2017,warwick,1,int,1,filter_vol,
12,6,2017,warwick,2,int,1,phyco_rfu,
12,6,2017,warwick,2,int,2,phyco_rfu,
12,6,2017,warwick,2,int,1,filter_vol,
12,6,2017,warwick,3,int,1,phyco_rfu,
12,6,2017,warwick,3,int,2,phyco_rfu,
12,6,2017,warwick,3,int,1,filter_vol,
12,6,2017,warwick,4,int,1,phyco_rfu,
12,6,2017,warwick,4,int,2,phyco_rfu,
12,6,2017,warwick,4,int,1,filter_vol,
12,6,2017,warwick,5,int,1,phyco_rfu,
12,6,2017,warwick,5,int,2,phyco_rfu,
12,6,2017,warwick,5,int,1,filter_vol,
12,6,2017,warwick,6,int,1,phyco_rfu,
12,6,2017,warwick,6,int,2,phyco_rfu,
12,6,2017,warwick,6,int,1,filter_vol,
12,6,2017,warwick,p,int,1,phyco_rfu,
12,6,2017,warwick,p,int,2,phyco_rfu,
12,6,2017,warwick,p,int,3,phyco_rfu,
12,6,2017,warwick,p,int,1,filter_vol,
15,6,2017,yawgoo,blank,int,1,blank,495.68
15,6,2017,yawgoo,blank,int,2,blank,486.93
15,6,2017,yawgoo,1,int,1,phyco_rfu,493.4
15,6,2017,yawgoo,1,int,2,phyco_rfu,498
15,6,2017,yawgoo,1,int,1,filter_vol,400
15,6,2017,yawgoo,2,int,1,phyco_rfu,497.84
15,6,2017,yawgoo,2,int,2,phyco_rfu,496.44
15,6,2017,yawgoo,2,int,1,filter_vol,400
15,6,2017,yawgoo,3,int,1,phyco_rfu,494.91
15,6,2017,yawgoo,3,int,2,phyco_rfu,491.73
15,6,2017,yawgoo,3,int,1,filter_vol,400
15,6,2017,yawgoo,4,int,1,phyco_rfu,498.03
15,6,2017,yawgoo,4,int,2,phyco_rfu,493.09
15,6,2017,yawgoo,4,int,1,filter_vol,400
15,6,2017,yawgoo,5,int,1,phyco_rfu,493.04
15,6,2017,yawgoo,5,int,2,phyco_rfu,491.13
15,6,2017,yawgoo,5,int,1,filter_vol,400
15,6,2017,yawgoo,6,int,1,phyco_rfu,497.17
15,6,2017,yawgoo,6,int,2,phyco_rfu,489.94
15,6,2017,yawgoo,6,int,1,filter_vol,400
15,6,2017,yawgoo,p,int,1,phyco_rfu,486.98
15,6,2017,yawgoo,p,int,2,phyco_rfu,492.67
15,6,2017,yawgoo,p,int,3,phyco_rfu,484.5
15,6,2017,yawgoo,p,int,1,filter_vol,400
15,6,2017,warwick,blank,int,1,blank,514.85
15,6,2017,warwick,blank,int,2,blank,508.58
15,6,2017,warwick,1,int,1,phyco_rfu,508.46
15,6,2017,warwick,1,int,2,phyco_rfu,504.05
15,6,2017,warwick,1,int,1,filter_vol,300
15,6,2017,warwick,2,int,1,phyco_rfu,538.75
15,6,2017,warwick,2,int,2,phyco_rfu,507.78
15,6,2017,warwick,2,int,1,filter_vol,300
15,6,2017,warwick,3,int,1,phyco_rfu,504.66
15,6,2017,warwick,3,int,2,phyco_rfu,510.28
15,6,2017,warwick,3,int,1,filter_vol,300
15,6,2017,warwick,4,int,1,phyco_rfu,522.16
15,6,2017,warwick,4,int,2,phyco_rfu,505.72
15,6,2017,warwick,4,int,1,filter_vol,300
15,6,2017,warwick,5,int,1,phyco_rfu,505.71
15,6,2017,warwick,5,int,2,phyco_rfu,496.16
15,6,2017,warwick,5,int,1,filter_vol,300
15,6,2017,warwick,6,int,1,phyco_rfu,494.35
15,6,2017,warwick,6,int,2,phyco_rfu,493.32
15,6,2017,warwick,6,int,1,filter_vol,300
15,6,2017,warwick,p,int,1,phyco_rfu,495.5
15,6,2017,warwick,p,int,2,phyco_rfu,488.41
15,6,2017,warwick,p,int,3,phyco_rfu,493.62
15,6,2017,warwick,p,int,1,filter_vol,300
22,6,2017,yawgoo,blank,int,1,blank,494.34
22,6,2017,yawgoo,blank,int,2,blank,491.54
22,6,2017,yawgoo,1,int,1,phyco_rfu,494.87
22,6,2017,yawgoo,1,int,2,phyco_rfu,499.75
22,6,2017,yawgoo,1,int,1,filter_vol,400
22,6,2017,yawgoo,2,int,1,phyco_rfu,495.44
22,6,2017,yawgoo,2,int,2,phyco_rfu,498.35
22,6,2017,yawgoo,2,int,1,filter_vol,400
22,6,2017,yawgoo,3,int,1,phyco_rfu,499.58
22,6,2017,yawgoo,3,int,2,phyco_rfu,500.64
22,6,2017,yawgoo,3,int,1,filter_vol,400
22,6,2017,yawgoo,4,int,1,phyco_rfu,496.11
22,6,2017,yawgoo,4,int,2,phyco_rfu,492.79
22,6,2017,yawgoo,4,int,1,filter_vol,400
22,6,2017,yawgoo,5,int,1,phyco_rfu,491.87
22,6,2017,yawgoo,5,int,2,phyco_rfu,490.4
22,6,2017,yawgoo,5,int,1,filter_vol,400
22,6,2017,yawgoo,6,int,1,phyco_rfu,501.79
22,6,2017,yawgoo,6,int,2,phyco_rfu,502.9
22,6,2017,yawgoo,6,int,1,filter_vol,400
22,6,2017,yawgoo,p,int,1,phyco_rfu,490.44
22,6,2017,yawgoo,p,int,2,phyco_rfu,496.85
22,6,2017,yawgoo,p,int,3,phyco_rfu,487.89
22,6,2017,yawgoo,p,int,1,filter_vol,400
22,6,2017,yawgoo,blank,int,3,blank,484.37
22,6,2017,yawgoo,blank,int,4,blank,485.49
22,6,2017,warwick,blank,int,1,blank,483.82
22,6,2017,warwick,blank,int,2,blank,487.08
22,6,2017,warwick,1,int,1,phyco_rfu,497.29
22,6,2017,warwick,1,int,2,phyco_rfu,501.77
22,6,2017,warwick,1,int,1,filter_vol,300
22,6,2017,warwick,2,int,1,phyco_rfu,499.21
22,6,2017,warwick,2,int,2,phyco_rfu,493.74
22,6,2017,warwick,2,int,1,filter_vol,300
22,6,2017,warwick,3,int,1,phyco_rfu,496.5
22,6,2017,warwick,3,int,2,phyco_rfu,500.22
22,6,2017,warwick,3,int,1,filter_vol,300
22,6,2017,warwick,4,int,1,phyco_rfu,492.51
22,6,2017,warwick,4,int,2,phyco_rfu,494.64
22,6,2017,warwick,4,int,1,filter_vol,300
22,6,2017,warwick,5,int,1,phyco_rfu,493.79
22,6,2017,warwick,5,int,2,phyco_rfu,495.57
22,6,2017,warwick,5,int,1,filter_vol,300
22,6,2017,warwick,6,int,1,phyco_rfu,495.23
22,6,2017,warwick,6,int,2,phyco_rfu,493.79
22,6,2017,warwick,6,int,1,filter_vol,300
22,6,2017,warwick,p,int,1,phyco_rfu,498.37
22,6,2017,warwick,p,int,2,phyco_rfu,500.83
22,6,2017,warwick,p,int,3,phyco_rfu,497.23
22,6,2017,warwick,p,int,1,filter_vol,250
22,6,2017,warwick,blank,int,3,blank,489.43
22,6,2017,warwick,blank,int,4,blank,488.55
26,6,2017,yawgoo,blank,int,1,blank,512.57
26,6,2017,yawgoo,blank,int,2,blank,510.06
26,6,2017,yawgoo,1,int,1,phyco_rfu,512.78
26,6,2017,yawgoo,1,int,2,phyco_rfu,514.71
26,6,2017,yawgoo,1,int,1,filter_vol,400
26,6,2017,yawgoo,2,int,1,phyco_rfu,510.26
26,6,2017,yawgoo,2,int,2,phyco_rfu,516.95
26,6,2017,yawgoo,2,int,1,filter_vol,400
26,6,2017,yawgoo,3,int,1,phyco_rfu,516.11
26,6,2017,yawgoo,3,int,2,phyco_rfu,512.05
26,6,2017,yawgoo,3,int,1,filter_vol,400
26,6,2017,yawgoo,4,int,1,phyco_rfu,510.37
26,6,2017,yawgoo,4,int,2,phyco_rfu,510.48
26,6,2017,yawgoo,4,int,1,filter_vol,400
26,6,2017,yawgoo,5,int,1,phyco_rfu,512.29
26,6,2017,yawgoo,5,int,2,phyco_rfu,502.74
26,6,2017,yawgoo,5,int,1,filter_vol,400
26,6,2017,yawgoo,6,int,1,phyco_rfu,511.35
26,6,2017,yawgoo,6,int,2,phyco_rfu,511.58
26,6,2017,yawgoo,6,int,1,filter_vol,400
26,6,2017,yawgoo,p,int,1,phyco_rfu,513.39
26,6,2017,yawgoo,p,int,2,phyco_rfu,508.41
26,6,2017,yawgoo,p,int,3,phyco_rfu,505.73
26,6,2017,yawgoo,p,int,1,filter_vol,400
26,6,2017,yawgoo,blank,int,3,blank,505.23
26,6,2017,yawgoo,blank,int,4,blank,493.03
26,6,2017,warwick,blank,int,1,blank,489.99
26,6,2017,warwick,blank,int,2,blank,491.3
26,6,2017,warwick,1,int,1,phyco_rfu,497.3
26,6,2017,warwick,1,int,2,phyco_rfu,495.35
26,6,2017,warwick,1,int,1,filter_vol,200
26,6,2017,warwick,2,int,1,phyco_rfu,495.7
26,6,2017,warwick,2,int,2,phyco_rfu,494.36
26,6,2017,warwick,2,int,1,filter_vol,200
26,6,2017,warwick,3,int,1,phyco_rfu,495.28
26,6,2017,warwick,3,int,2,phyco_rfu,498.9
26,6,2017,warwick,3,int,1,filter_vol,200
26,6,2017,warwick,4,int,1,phyco_rfu,494.46
26,6,2017,warwick,4,int,2,phyco_rfu,492.95
26,6,2017,warwick,4,int,1,filter_vol,200
26,6,2017,warwick,5,int,1,phyco_rfu,492.25
26,6,2017,warwick,5,int,2,phyco_rfu,496.95
26,6,2017,warwick,5,int,1,filter_vol,200
26,6,2017,warwick,6,int,1,phyco_rfu,492.77
26,6,2017,warwick,6,int,2,phyco_rfu,488.97
26,6,2017,warwick,6,int,1,filter_vol,200
26,6,2017,warwick,p,int,1,phyco_rfu,493.74
26,6,2017,warwick,p,int,2,phyco_rfu,485.7
26,6,2017,warwick,p,int,3,phyco_rfu,484.87
26,6,2017,warwick,p,int,1,filter_vol,200
26,6,2017,warwick,blank,int,3,blank,487.19
26,6,2017,warwick,blank,int,4,blank,481.22
28,6,2017,yawgoo,blank,int,1,blank,526.78
28,6,2017,yawgoo,blank,int,2,blank,542.06
28,6,2017,yawgoo,1,int,1,phyco_rfu,564.45
28,6,2017,yawgoo,1,int,2,phyco_rfu,553.17
28,6,2017,yawgoo,1,int,1,filter_vol,400
28,6,2017,yawgoo,2,int,1,phyco_rfu,553.66
28,6,2017,yawgoo,2,int,2,phyco_rfu,545.77
28,6,2017,yawgoo,2,int,1,filter_vol,400
28,6,2017,yawgoo,3,int,1,phyco_rfu,545.52
28,6,2017,yawgoo,3,int,2,phyco_rfu,552.24
28,6,2017,yawgoo,3,int,1,filter_vol,400
28,6,2017,yawgoo,4,int,1,phyco_rfu,528.72
28,6,2017,yawgoo,4,int,2,phyco_rfu,541.57
28,6,2017,yawgoo,4,int,1,filter_vol,400
28,6,2017,yawgoo,5,int,1,phyco_rfu,542.69
28,6,2017,yawgoo,5,int,2,phyco_rfu,540.22
28,6,2017,yawgoo,5,int,1,filter_vol,400
28,6,2017,yawgoo,6,int,1,phyco_rfu,530.92
28,6,2017,yawgoo,6,int,2,phyco_rfu,543.31
28,6,2017,yawgoo,6,int,1,filter_vol,400
28,6,2017,yawgoo,p,int,1,phyco_rfu,534.71
28,6,2017,yawgoo,p,int,2,phyco_rfu,533.79
28,6,2017,yawgoo,p,int,3,phyco_rfu,530.14
28,6,2017,yawgoo,p,int,1,filter_vol,400
28,6,2017,warwick,blank,int,1,blank,510.9
28,6,2017,warwick,blank,int,2,blank,511.24
28,6,2017,warwick,1,int,1,phyco_rfu,514.43
28,6,2017,warwick,1,int,2,phyco_rfu,515.12
28,6,2017,warwick,1,int,1,filter_vol,200
28,6,2017,warwick,2,int,1,phyco_rfu,517.87
28,6,2017,warwick,2,int,2,phyco_rfu,516.58
28,6,2017,warwick,2,int,1,filter_vol,200
28,6,2017,warwick,3,int,1,phyco_rfu,512.32
28,6,2017,warwick,3,int,2,phyco_rfu,515.11
28,6,2017,warwick,3,int,1,filter_vol,200
28,6,2017,warwick,4,int,1,phyco_rfu,520.17
28,6,2017,warwick,4,int,2,phyco_rfu,518.14
28,6,2017,warwick,4,int,1,filter_vol,200
28,6,2017,warwick,5,int,1,phyco_rfu,533.51
28,6,2017,warwick,5,int,2,phyco_rfu,523.65
28,6,2017,warwick,5,int,1,filter_vol,200
28,6,2017,warwick,6,int,1,phyco_rfu,526.26
28,6,2017,warwick,6,int,2,phyco_rfu,523.89
28,6,2017,warwick,6,int,1,filter_vol,200
28,6,2017,warwick,p,int,1,phyco_rfu,529.67
28,6,2017,warwick,p,int,2,phyco_rfu,528.34
28,6,2017,warwick,p,int,3,phyco_rfu,526.03
28,6,2017,warwick,p,int,1,filter_vol,200
5,7,2017,yawgoo,blank,int,1,blank,503.58
5,7,2017,yawgoo,blank,int,2,blank,509.81
5,7,2017,yawgoo,1,int,1,phyco_rfu,511.16
5,7,2017,yawgoo,1,int,2,phyco_rfu,513.73
5,7,2017,yawgoo,1,int,1,filter_vol,400
5,7,2017,yawgoo,2,int,1,phyco_rfu,509.88
5,7,2017,yawgoo,2,int,2,phyco_rfu,521.1
5,7,2017,yawgoo,2,int,1,filter_vol,400
5,7,2017,yawgoo,3,int,1,phyco_rfu,536.41
5,7,2017,yawgoo,3,int,2,phyco_rfu,532.77
5,7,2017,yawgoo,3,int,1,filter_vol,400
5,7,2017,yawgoo,4,int,1,phyco_rfu,522.93
5,7,2017,yawgoo,4,int,2,phyco_rfu,528.81
5,7,2017,yawgoo,4,int,1,filter_vol,400
5,7,2017,yawgoo,5,int,1,phyco_rfu,516.1
5,7,2017,yawgoo,5,int,2,phyco_rfu,523.57
5,7,2017,yawgoo,5,int,1,filter_vol,400
5,7,2017,yawgoo,6,int,1,phyco_rfu,528.54
5,7,2017,yawgoo,6,int,2,phyco_rfu,522.41
5,7,2017,yawgoo,6,int,1,filter_vol,400
5,7,2017,yawgoo,p,int,1,phyco_rfu,514.15
5,7,2017,yawgoo,p,int,2,phyco_rfu,529.25
5,7,2017,yawgoo,p,int,3,phyco_rfu,538.25
5,7,2017,yawgoo,p,int,1,filter_vol,400
5,7,2017,warwick,blank,int,1,blank,477.91
5,7,2017,warwick,blank,int,2,blank,487.41
5,7,2017,warwick,1,int,1,phyco_rfu,492.63
5,7,2017,warwick,1,int,2,phyco_rfu,513.05
5,7,2017,warwick,1,int,1,filter_vol,200
5,7,2017,warwick,2,int,1,phyco_rfu,497.93
5,7,2017,warwick,2,int,2,phyco_rfu,516.44
5,7,2017,warwick,2,int,1,filter_vol,200
5,7,2017,warwick,3,int,1,phyco_rfu,520.39
5,7,2017,warwick,3,int,2,phyco_rfu,502.26
5,7,2017,warwick,3,int,1,filter_vol,200
5,7,2017,warwick,4,int,1,phyco_rfu,517.1
5,7,2017,warwick,4,int,2,phyco_rfu,524.75
5,7,2017,warwick,4,int,1,filter_vol,200
5,7,2017,warwick,5,int,1,phyco_rfu,518.24
5,7,2017,warwick,5,int,2,phyco_rfu,518.97
5,7,2017,warwick,5,int,1,filter_vol,200
5,7,2017,warwick,6,int,1,phyco_rfu,520.33
5,7,2017,warwick,6,int,2,phyco_rfu,529.78
5,7,2017,warwick,6,int,1,filter_vol,200
5,7,2017,warwick,p,int,1,phyco_rfu,548.75
5,7,2017,warwick,p,int,2,phyco_rfu,518.77
5,7,2017,warwick,p,int,3,phyco_rfu,536.19
5,7,2017,warwick,p,int,1,filter_vol,200
10,7,2017,yawgoo,blank,int,1,blank,496.25
10,7,2017,yawgoo,blank,int,2,blank,516.07
10,7,2017,yawgoo,1,int,1,phyco_rfu,507.37
10,7,2017,yawgoo,1,int,2,phyco_rfu,510.58
10,7,2017,yawgoo,1,int,1,filter_vol,400
10,7,2017,yawgoo,2,int,1,phyco_rfu,520.52
10,7,2017,yawgoo,2,int,2,phyco_rfu,532.38
10,7,2017,yawgoo,2,int,1,filter_vol,400
10,7,2017,yawgoo,3,int,1,phyco_rfu,507.54
10,7,2017,yawgoo,3,int,2,phyco_rfu,518.57
10,7,2017,yawgoo,3,int,1,filter_vol,400
10,7,2017,yawgoo,4,int,1,phyco_rfu,523.84
10,7,2017,yawgoo,4,int,2,phyco_rfu,519.27
10,7,2017,yawgoo,4,int,1,filter_vol,400
10,7,2017,yawgoo,5,int,1,phyco_rfu,525.97
10,7,2017,yawgoo,5,int,2,phyco_rfu,525.86
10,7,2017,yawgoo,5,int,1,filter_vol,400
10,7,2017,yawgoo,6,int,1,phyco_rfu,509.87
10,7,2017,yawgoo,6,int,2,phyco_rfu,529.06
10,7,2017,yawgoo,6,int,1,filter_vol,400
10,7,2017,yawgoo,p,int,1,phyco_rfu,533.21
10,7,2017,yawgoo,p,int,2,phyco_rfu,525.3
10,7,2017,yawgoo,p,int,3,phyco_rfu,541
10,7,2017,yawgoo,p,int,1,filter_vol,400
10,7,2017,warwick,blank,int,1,blank,504.41
10,7,2017,warwick,blank,int,2,blank,521.8
10,7,2017,warwick,1,int,1,phyco_rfu,533.43
10,7,2017,warwick,1,int,2,phyco_rfu,532.34
10,7,2017,warwick,1,int,1,filter_vol,200
10,7,2017,warwick,2,int,1,phyco_rfu,510.21
10,7,2017,warwick,2,int,2,phyco_rfu,526.66
10,7,2017,warwick,2,int,1,filter_vol,200
10,7,2017,warwick,3,int,1,phyco_rfu,537.44
10,7,2017,warwick,3,int,2,phyco_rfu,524.11
10,7,2017,warwick,3,int,1,filter_vol,200
10,7,2017,warwick,4,int,1,phyco_rfu,544.65
10,7,2017,warwick,4,int,2,phyco_rfu,575.24
10,7,2017,warwick,4,int,1,filter_vol,200
10,7,2017,warwick,5,int,1,phyco_rfu,538.44
10,7,2017,warwick,5,int,2,phyco_rfu,565.08
10,7,2017,warwick,5,int,1,filter_vol,200
10,7,2017,warwick,6,int,1,phyco_rfu,516.41
10,7,2017,warwick,6,int,2,phyco_rfu,532.68
10,7,2017,warwick,6,int,1,filter_vol,200
10,7,2017,warwick,p,int,1,phyco_rfu,534.07
10,7,2017,warwick,p,int,2,phyco_rfu,521.7
10,7,2017,warwick,p,int,3,phyco_rfu,518.44
10,7,2017,warwick,p,int,1,filter_vol,200
12,7,2017,yawgoo,blank,int,1,blank,499.08
12,7,2017,yawgoo,blank,int,2,blank,508.55
12,7,2017,yawgoo,1,int,1,phyco_rfu,514.08
12,7,2017,yawgoo,1,int,2,phyco_rfu,521.89
12,7,2017,yawgoo,1,int,1,filter_vol,400
12,7,2017,yawgoo,2,int,1,phyco_rfu,524.48
12,7,2017,yawgoo,2,int,2,phyco_rfu,536.18
12,7,2017,yawgoo,2,int,1,filter_vol,400
12,7,2017,yawgoo,3,int,1,phyco_rfu,537.66
12,7,2017,yawgoo,3,int,2,phyco_rfu,538.34
12,7,2017,yawgoo,3,int,1,filter_vol,400
12,7,2017,yawgoo,4,int,1,phyco_rfu,541.04
12,7,2017,yawgoo,4,int,2,phyco_rfu,538.97
12,7,2017,yawgoo,4,int,1,filter_vol,400
12,7,2017,yawgoo,5,int,1,phyco_rfu,524.3
12,7,2017,yawgoo,5,int,2,phyco_rfu,532.28
12,7,2017,yawgoo,5,int,1,filter_vol,400
12,7,2017,yawgoo,6,int,1,phyco_rfu,525.42
12,7,2017,yawgoo,6,int,2,phyco_rfu,518.83
12,7,2017,yawgoo,6,int,1,filter_vol,400
12,7,2017,yawgoo,p,int,1,phyco_rfu,527.01
12,7,2017,yawgoo,p,int,2,phyco_rfu,534.05
12,7,2017,yawgoo,p,int,3,phyco_rfu,519.26
12,7,2017,yawgoo,p,int,1,filter_vol,400
12,7,2017,warwick,blank,int,1,blank,509.51
12,7,2017,warwick,blank,int,2,blank,514.38
12,7,2017,warwick,1,int,1,phyco_rfu,526.18
12,7,2017,warwick,1,int,2,phyco_rfu,524.99
12,7,2017,warwick,1,int,1,filter_vol,200
12,7,2017,warwick,2,int,1,phyco_rfu,522.48
12,7,2017,warwick,2,int,2,phyco_rfu,526.73
12,7,2017,warwick,2,int,1,filter_vol,200
12,7,2017,warwick,3,int,1,phyco_rfu,519.79
12,7,2017,warwick,3,int,2,phyco_rfu,522.41
12,7,2017,warwick,3,int,1,filter_vol,200
12,7,2017,warwick,4,int,1,phyco_rfu,519.63
12,7,2017,warwick,4,int,2,phyco_rfu,516.49
12,7,2017,warwick,4,int,1,filter_vol,200
12,7,2017,warwick,5,int,1,phyco_rfu,508.19
12,7,2017,warwick,5,int,2,phyco_rfu,524.11
12,7,2017,warwick,5,int,1,filter_vol,200
12,7,2017,warwick,6,int,1,phyco_rfu,518.12
12,7,2017,warwick,6,int,2,phyco_rfu,512
12,7,2017,warwick,6,int,1,filter_vol,200
12,7,2017,warwick,p,int,1,phyco_rfu,517.73
12,7,2017,warwick,p,int,2,phyco_rfu,523.1
12,7,2017,warwick,p,int,3,phyco_rfu,522.69
12,7,2017,warwick,p,int,1,filter_vol,200
17,7,2017,yawgoo,blank,int,1,blank,511.12
17,7,2017,yawgoo,blank,int,2,blank,523.66
17,7,2017,yawgoo,1,int,1,phyco_rfu,535.16
17,7,2017,yawgoo,1,int,2,phyco_rfu,532.42
17,7,2017,yawgoo,1,int,1,filter_vol,400
17,7,2017,yawgoo,2,int,1,phyco_rfu,528.88
17,7,2017,yawgoo,2,int,2,phyco_rfu,532.34
17,7,2017,yawgoo,2,int,1,filter_vol,400
17,7,2017,yawgoo,3,int,1,phyco_rfu,527.18
17,7,2017,yawgoo,3,int,2,phyco_rfu,523.78
17,7,2017,yawgoo,3,int,1,filter_vol,400
17,7,2017,yawgoo,4,int,1,phyco_rfu,526.33
17,7,2017,yawgoo,4,int,2,phyco_rfu,535.55
17,7,2017,yawgoo,4,int,1,filter_vol,400
17,7,2017,yawgoo,5,int,1,phyco_rfu,519.92
17,7,2017,yawgoo,5,int,2,phyco_rfu,529.48
17,7,2017,yawgoo,5,int,1,filter_vol,400
17,7,2017,yawgoo,6,int,1,phyco_rfu,539.2
17,7,2017,yawgoo,6,int,2,phyco_rfu,520.14
17,7,2017,yawgoo,6,int,1,filter_vol,400
17,7,2017,yawgoo,p,int,1,phyco_rfu,513.76
17,7,2017,yawgoo,p,int,2,phyco_rfu,524.28
17,7,2017,yawgoo,p,int,3,phyco_rfu,512.49
17,7,2017,yawgoo,p,int,1,filter_vol,400
17,7,2017,warwick,blank,int,1,blank,510.75
17,7,2017,warwick,blank,int,2,blank,507.93
17,7,2017,warwick,1,int,1,phyco_rfu,511.4
17,7,2017,warwick,1,int,2,phyco_rfu,515.1
17,7,2017,warwick,1,int,1,filter_vol,200
17,7,2017,warwick,2,int,1,phyco_rfu,520.54
17,7,2017,warwick,2,int,2,phyco_rfu,524.79
17,7,2017,warwick,2,int,1,filter_vol,200
17,7,2017,warwick,3,int,1,phyco_rfu,517.83
17,7,2017,warwick,3,int,2,phyco_rfu,551.43
17,7,2017,warwick,3,int,1,filter_vol,200
17,7,2017,warwick,4,int,1,phyco_rfu,496.74
17,7,2017,warwick,4,int,2,phyco_rfu,524.87
17,7,2017,warwick,4,int,1,filter_vol,200
17,7,2017,warwick,5,int,1,phyco_rfu,525.81
17,7,2017,warwick,5,int,2,phyco_rfu,508.62
17,7,2017,warwick,5,int,1,filter_vol,200
17,7,2017,warwick,6,int,1,phyco_rfu,524.69
17,7,2017,warwick,6,int,2,phyco_rfu,521.65
17,7,2017,warwick,6,int,1,filter_vol,200
17,7,2017,warwick,p,int,1,phyco_rfu,537.76
17,7,2017,warwick,p,int,2,phyco_rfu,538.67
17,7,2017,warwick,p,int,3,phyco_rfu,525.84
17,7,2017,warwick,p,int,1,filter_vol,200
19,7,2017,yawgoo,blank,int,1,blank,498.56
19,7,2017,yawgoo,blank,int,2,blank,513.57
19,7,2017,yawgoo,1,int,1,phyco_rfu,531.83
19,7,2017,yawgoo,1,int,2,phyco_rfu,517.64
19,7,2017,yawgoo,1,int,1,filter_vol,400
19,7,2017,yawgoo,2,int,1,phyco_rfu,516.04
19,7,2017,yawgoo,2,int,2,phyco_rfu,509.11
19,7,2017,yawgoo,2,int,1,filter_vol,400
19,7,2017,yawgoo,3,int,1,phyco_rfu,507.94
19,7,2017,yawgoo,3,int,2,phyco_rfu,507.23
19,7,2017,yawgoo,3,int,1,filter_vol,400
19,7,2017,yawgoo,4,int,1,phyco_rfu,522.58
19,7,2017,yawgoo,4,int,2,phyco_rfu,515.23
19,7,2017,yawgoo,4,int,1,filter_vol,400
19,7,2017,yawgoo,5,int,1,phyco_rfu,508.32
19,7,2017,yawgoo,5,int,2,phyco_rfu,521.54
19,7,2017,yawgoo,5,int,1,filter_vol,400
19,7,2017,yawgoo,6,int,1,phyco_rfu,521.14
19,7,2017,yawgoo,6,int,2,phyco_rfu,511.63
19,7,2017,yawgoo,6,int,1,filter_vol,400
19,7,2017,yawgoo,p,int,1,phyco_rfu,513.46
19,7,2017,yawgoo,p,int,2,phyco_rfu,520.86
19,7,2017,yawgoo,p,int,3,phyco_rfu,508.95
19,7,2017,yawgoo,p,int,1,filter_vol,400
19,7,2017,warwick,blank,int,1,blank,482.47
19,7,2017,warwick,blank,int,2,blank,491.93
19,7,2017,warwick,1,int,1,phyco_rfu,510.39
19,7,2017,warwick,1,int,2,phyco_rfu,521.61
19,7,2017,warwick,1,int,1,filter_vol,200
19,7,2017,warwick,2,int,1,phyco_rfu,518.1
19,7,2017,warwick,2,int,2,phyco_rfu,503.64
19,7,2017,warwick,2,int,1,filter_vol,200
19,7,2017,warwick,3,int,1,phyco_rfu,498.39
19,7,2017,warwick,3,int,2,phyco_rfu,499.12
19,7,2017,warwick,3,int,1,filter_vol,200
19,7,2017,warwick,4,int,1,phyco_rfu,515.88
19,7,2017,warwick,4,int,2,phyco_rfu,494.53
19,7,2017,warwick,4,int,1,filter_vol,200
19,7,2017,warwick,5,int,1,phyco_rfu,496.14
19,7,2017,warwick,5,int,2,phyco_rfu,500.26
19,7,2017,warwick,5,int,1,filter_vol,200
19,7,2017,warwick,6,int,1,phyco_rfu,502.99
19,7,2017,warwick,6,int,2,phyco_rfu,503.04
19,7,2017,warwick,6,int,1,filter_vol,200
19,7,2017,warwick,p,int,1,phyco_rfu,496.93
19,7,2017,warwick,p,int,2,phyco_rfu,499.38
19,7,2017,warwick,p,int,3,phyco_rfu,482.74
19,7,2017,warwick,p,int,1,filter_vol,200
26,7,2017,yawgoo,blank,int,1,blank,477.2
26,7,2017,yawgoo,blank,int,2,blank,478.87
26,7,2017,yawgoo,1,int,1,phyco_rfu,529.94
26,7,2017,yawgoo,1,int,2,phyco_rfu,531.77
26,7,2017,yawgoo,1,int,1,filter_vol,400
26,7,2017,yawgoo,2,int,1,phyco_rfu,551.6
26,7,2017,yawgoo,2,int,2,phyco_rfu,525.03
26,7,2017,yawgoo,2,int,1,filter_vol,400
26,7,2017,yawgoo,3,int,1,phyco_rfu,506.33
26,7,2017,yawgoo,3,int,2,phyco_rfu,525.55
26,7,2017,yawgoo,3,int,1,filter_vol,400
26,7,2017,yawgoo,4,int,1,phyco_rfu,554.94
26,7,2017,yawgoo,4,int,2,phyco_rfu,533.75
26,7,2017,yawgoo,4,int,1,filter_vol,400
26,7,2017,yawgoo,5,int,1,phyco_rfu,507.89
26,7,2017,yawgoo,5,int,2,phyco_rfu,499.97
26,7,2017,yawgoo,5,int,1,filter_vol,400
26,7,2017,yawgoo,6,int,1,phyco_rfu,560.46
26,7,2017,yawgoo,6,int,2,phyco_rfu,552.7
26,7,2017,yawgoo,6,int,1,filter_vol,400
26,7,2017,yawgoo,p,int,1,phyco_rfu,554.93
26,7,2017,yawgoo,p,int,2,phyco_rfu,541.66
26,7,2017,yawgoo,p,int,3,phyco_rfu,550.38
26,7,2017,yawgoo,p,int,1,filter_vol,400
26,7,2017,warwick,blank,int,1,blank,464.29
26,7,2017,warwick,blank,int,2,blank,474.99
26,7,2017,warwick,1,int,1,phyco_rfu,511.93
26,7,2017,warwick,1,int,2,phyco_rfu,490.87
26,7,2017,warwick,1,int,1,filter_vol,200
26,7,2017,warwick,2,int,1,phyco_rfu,486.1
26,7,2017,warwick,2,int,2,phyco_rfu,492.4
26,7,2017,warwick,2,int,1,filter_vol,200
26,7,2017,warwick,3,int,1,phyco_rfu,487.04
26,7,2017,warwick,3,int,2,phyco_rfu,478.62
26,7,2017,warwick,3,int,1,filter_vol,200
26,7,2017,warwick,4,int,1,phyco_rfu,494.14
26,7,2017,warwick,4,int,2,phyco_rfu,478.37
26,7,2017,warwick,4,int,1,filter_vol,200
26,7,2017,warwick,5,int,1,phyco_rfu,478.42
26,7,2017,warwick,5,int,2,phyco_rfu,488.13
26,7,2017,warwick,5,int,1,filter_vol,200
26,7,2017,warwick,6,int,1,phyco_rfu,486.34
26,7,2017,warwick,6,int,2,phyco_rfu,487.46
26,7,2017,warwick,6,int,1,filter_vol,200
26,7,2017,warwick,p,int,1,phyco_rfu,471.24
26,7,2017,warwick,p,int,2,phyco_rfu,498.15
26,7,2017,warwick,p,int,3,phyco_rfu,485.83
26,7,2017,warwick,p,int,1,filter_vol,200
31,7,2017,yawgoo,blank,int,1,blank,479.34
31,7,2017,yawgoo,blank,int,2,blank,489.16
31,7,2017,yawgoo,1,int,1,phyco_rfu,515.59
31,7,2017,yawgoo,1,int,2,phyco_rfu,535.05
31,7,2017,yawgoo,1,int,1,filter_vol,400
31,7,2017,yawgoo,2,int,1,phyco_rfu,497.28
31,7,2017,yawgoo,2,int,2,phyco_rfu,496.19
31,7,2017,yawgoo,2,int,1,filter_vol,400
31,7,2017,yawgoo,3,int,1,phyco_rfu,494.4
31,7,2017,yawgoo,3,int,2,phyco_rfu,501.93
31,7,2017,yawgoo,3,int,1,filter_vol,400
31,7,2017,yawgoo,4,int,1,phyco_rfu,492
31,7,2017,yawgoo,4,int,2,phyco_rfu,491.63
31,7,2017,yawgoo,4,int,1,filter_vol,400
31,7,2017,yawgoo,5,int,1,phyco_rfu,496.89
31,7,2017,yawgoo,5,int,2,phyco_rfu,494.66
31,7,2017,yawgoo,5,int,1,filter_vol,400
31,7,2017,yawgoo,6,int,1,phyco_rfu,488.47
31,7,2017,yawgoo,6,int,2,phyco_rfu,493.24
31,7,2017,yawgoo,6,int,1,filter_vol,400
31,7,2017,yawgoo,p,int,1,phyco_rfu,489.37
31,7,2017,yawgoo,p,int,2,phyco_rfu,494.63
31,7,2017,yawgoo,p,int,3,phyco_rfu,507.79
31,7,2017,yawgoo,p,int,1,filter_vol,400
31,7,2017,warwick,blank,int,1,blank,472.84
31,7,2017,warwick,blank,int,2,blank,474.06
31,7,2017,warwick,1,int,1,phyco_rfu,495.15
31,7,2017,warwick,1,int,2,phyco_rfu,484.86
31,7,2017,warwick,1,int,1,filter_vol,200
31,7,2017,warwick,2,int,1,phyco_rfu,503.62
31,7,2017,warwick,2,int,2,phyco_rfu,503.6
31,7,2017,warwick,2,int,1,filter_vol,200
31,7,2017,warwick,3,int,1,phyco_rfu,515.13
31,7,2017,warwick,3,int,2,phyco_rfu,508.22
31,7,2017,warwick,3,int,1,filter_vol,200
31,7,2017,warwick,4,int,1,phyco_rfu,487.8
31,7,2017,warwick,4,int,2,phyco_rfu,496.77
31,7,2017,warwick,4,int,1,filter_vol,200
31,7,2017,warwick,5,int,1,phyco_rfu,493.62
31,7,2017,warwick,5,int,2,phyco_rfu,491.52
31,7,2017,warwick,5,int,1,filter_vol,200
31,7,2017,warwick,6,int,1,phyco_rfu,490.12
31,7,2017,warwick,6,int,2,phyco_rfu,496.51
31,7,2017,warwick,6,int,1,filter_vol,200
31,7,2017,warwick,p,int,1,phyco_rfu,489.28
31,7,2017,warwick,p,int,2,phyco_rfu,502.16
31,7,2017,warwick,p,int,3,phyco_rfu,513.03
31,7,2017,warwick,p,int,1,filter_vol,200
2,8,2017,yawgoo,blank,int,1,blank,463.11
2,8,2017,yawgoo,blank,int,2,blank,463.21
2,8,2017,yawgoo,1,int,1,phyco_rfu,488.82
2,8,2017,yawgoo,1,int,2,phyco_rfu,477.32
2,8,2017,yawgoo,1,int,1,filter_vol,400
2,8,2017,yawgoo,2,int,1,phyco_rfu,482.19
2,8,2017,yawgoo,2,int,2,phyco_rfu,470.98
2,8,2017,yawgoo,2,int,1,filter_vol,400
2,8,2017,yawgoo,3,int,1,phyco_rfu,474.8
2,8,2017,yawgoo,3,int,2,phyco_rfu,474.09
2,8,2017,yawgoo,3,int,1,filter_vol,400
2,8,2017,yawgoo,4,int,1,phyco_rfu,514.22
2,8,2017,yawgoo,4,int,2,phyco_rfu,497.54
2,8,2017,yawgoo,4,int,1,filter_vol,400
2,8,2017,yawgoo,5,int,1,phyco_rfu,465.36
2,8,2017,yawgoo,5,int,2,phyco_rfu,459.42
2,8,2017,yawgoo,5,int,1,filter_vol,400
2,8,2017,yawgoo,6,int,1,phyco_rfu,456.13
2,8,2017,yawgoo,6,int,2,phyco_rfu,460.33
2,8,2017,yawgoo,6,int,1,filter_vol,400
2,8,2017,yawgoo,p,int,1,phyco_rfu,484.26
2,8,2017,yawgoo,p,int,2,phyco_rfu,473.02
2,8,2017,yawgoo,p,int,3,phyco_rfu,456.72
2,8,2017,yawgoo,p,int,1,filter_vol,400
2,8,2017,warwick,blank,int,1,blank,437.99
2,8,2017,warwick,blank,int,2,blank,476.1
2,8,2017,warwick,1,int,1,phyco_rfu,497.88
2,8,2017,warwick,1,int,2,phyco_rfu,512.77
2,8,2017,warwick,1,int,1,filter_vol,200
2,8,2017,warwick,2,int,1,phyco_rfu,507.07
2,8,2017,warwick,2,int,2,phyco_rfu,502.12
2,8,2017,warwick,2,int,1,filter_vol,200
2,8,2017,warwick,3,int,1,phyco_rfu,438.72
2,8,2017,warwick,3,int,2,phyco_rfu,516.25
2,8,2017,warwick,3,int,1,filter_vol,200
2,8,2017,warwick,4,int,1,phyco_rfu,497.26
2,8,2017,warwick,4,int,2,phyco_rfu,468.99
2,8,2017,warwick,4,int,1,filter_vol,200
2,8,2017,warwick,5,int,1,phyco_rfu,489.77
2,8,2017,warwick,5,int,2,phyco_rfu,492.82
2,8,2017,warwick,5,int,1,filter_vol,200
2,8,2017,warwick,6,int,1,phyco_rfu,487.09
2,8,2017,warwick,6,int,2,phyco_rfu,494.65
2,8,2017,warwick,6,int,1,filter_vol,200
2,8,2017,warwick,p,int,1,phyco_rfu,490.83
2,8,2017,warwick,p,int,2,phyco_rfu,499.71
2,8,2017,warwick,p,int,3,phyco_rfu,485.34
2,8,2017,warwick,p,int,1,filter_vol,200
7,8,2017,yawgoo,blank,int,1,blank,
7,8,2017,yawgoo,blank,int,2,blank,
7,8,2017,yawgoo,1,int,1,phyco_rfu,
7,8,2017,yawgoo,1,int,2,phyco_rfu,
7,8,2017,yawgoo,1,int,1,filter_vol,400
7,8,2017,yawgoo,2,int,1,phyco_rfu,
7,8,2017,yawgoo,2,int,2,phyco_rfu,
7,8,2017,yawgoo,2,int,1,filter_vol,400
7,8,2017,yawgoo,3,int,1,phyco_rfu,
7,8,2017,yawgoo,3,int,2,phyco_rfu,
7,8,2017,yawgoo,3,int,1,filter_vol,400
7,8,2017,yawgoo,4,int,1,phyco_rfu,
7,8,2017,yawgoo,4,int,2,phyco_rfu,
7,8,2017,yawgoo,4,int,1,filter_vol,400
7,8,2017,yawgoo,5,int,1,phyco_rfu,
7,8,2017,yawgoo,5,int,2,phyco_rfu,
7,8,2017,yawgoo,5,int,1,filter_vol,400
7,8,2017,yawgoo,6,int,1,phyco_rfu,
7,8,2017,yawgoo,6,int,2,phyco_rfu,
7,8,2017,yawgoo,6,int,1,filter_vol,400
7,8,2017,yawgoo,p,int,1,phyco_rfu,
7,8,2017,yawgoo,p,int,2,phyco_rfu,
7,8,2017,yawgoo,p,int,3,phyco_rfu,
7,8,2017,yawgoo,p,int,1,filter_vol,400
7,8,2017,warwick,blank,int,1,blank,
7,8,2017,warwick,blank,int,2,blank,
7,8,2017,warwick,1,int,1,phyco_rfu,
7,8,2017,warwick,1,int,2,phyco_rfu,
7,8,2017,warwick,1,int,1,filter_vol,200
7,8,2017,warwick,2,int,1,phyco_rfu,
7,8,2017,warwick,2,int,2,phyco_rfu,
7,8,2017,warwick,2,int,1,filter_vol,200
7,8,2017,warwick,3,int,1,phyco_rfu,
7,8,2017,warwick,3,int,2,phyco_rfu,
7,8,2017,warwick,3,int,1,filter_vol,200
7,8,2017,warwick,4,int,1,phyco_rfu,
7,8,2017,warwick,4,int,2,phyco_rfu,
7,8,2017,warwick,4,int,1,filter_vol,200
7,8,2017,warwick,5,int,1,phyco_rfu,
7,8,2017,warwick,5,int,2,phyco_rfu,
7,8,2017,warwick,5,int,1,filter_vol,200
7,8,2017,warwick,6,int,1,phyco_rfu,
7,8,2017,warwick,6,int,2,phyco_rfu,
7,8,2017,warwick,6,int,1,filter_vol,200
7,8,2017,warwick,p,int,1,phyco_rfu,
7,8,2017,warwick,p,int,2,phyco_rfu,
7,8,2017,warwick,p,int,3,phyco_rfu,
7,8,2017,warwick,p,int,1,filter_vol,200
9,8,2017,yawgoo,blank,int,1,blank,463.71
9,8,2017,yawgoo,blank,int,2,blank,472.28
9,8,2017,yawgoo,1,int,1,phyco_rfu,465.53
9,8,2017,yawgoo,1,int,2,phyco_rfu,461.37
9,8,2017,yawgoo,1,int,1,filter_vol,400
9,8,2017,yawgoo,2,int,1,phyco_rfu,501.93
9,8,2017,yawgoo,2,int,2,phyco_rfu,508.09
9,8,2017,yawgoo,2,int,1,filter_vol,400
9,8,2017,yawgoo,3,int,1,phyco_rfu,506.24
9,8,2017,yawgoo,3,int,2,phyco_rfu,515.79
9,8,2017,yawgoo,3,int,1,filter_vol,400
9,8,2017,yawgoo,4,int,1,phyco_rfu,510.95
9,8,2017,yawgoo,4,int,2,phyco_rfu,515.37
9,8,2017,yawgoo,4,int,1,filter_vol,400
9,8,2017,yawgoo,5,int,1,phyco_rfu,492.72
9,8,2017,yawgoo,5,int,2,phyco_rfu,500
9,8,2017,yawgoo,5,int,1,filter_vol,400
9,8,2017,yawgoo,6,int,1,phyco_rfu,503.35
9,8,2017,yawgoo,6,int,2,phyco_rfu,493.19
9,8,2017,yawgoo,6,int,1,filter_vol,400
9,8,2017,yawgoo,p,int,1,phyco_rfu,485.21
9,8,2017,yawgoo,p,int,2,phyco_rfu,484.34
9,8,2017,yawgoo,p,int,3,phyco_rfu,518.2
9,8,2017,yawgoo,p,int,1,filter_vol,400
9,8,2017,warwick,blank,int,1,blank,477.26
9,8,2017,warwick,blank,int,2,blank,486.06
9,8,2017,warwick,1,int,1,phyco_rfu,511.25
9,8,2017,warwick,1,int,2,phyco_rfu,498.99
9,8,2017,warwick,1,int,1,filter_vol,200
9,8,2017,warwick,2,int,1,phyco_rfu,492.12
9,8,2017,warwick,2,int,2,phyco_rfu,532.5
9,8,2017,warwick,2,int,1,filter_vol,200
9,8,2017,warwick,3,int,1,phyco_rfu,489.54
9,8,2017,warwick,3,int,2,phyco_rfu,521.39
9,8,2017,warwick,3,int,1,filter_vol,200
9,8,2017,warwick,4,int,1,phyco_rfu,514.94
9,8,2017,warwick,4,int,2,phyco_rfu,514.72
9,8,2017,warwick,4,int,1,filter_vol,200
9,8,2017,warwick,5,int,1,phyco_rfu,520.59
9,8,2017,warwick,5,int,2,phyco_rfu,507.21
9,8,2017,warwick,5,int,1,filter_vol,200
9,8,2017,warwick,6,int,1,phyco_rfu,497.92
9,8,2017,warwick,6,int,2,phyco_rfu,505.62
9,8,2017,warwick,6,int,1,filter_vol,200
9,8,2017,warwick,p,int,1,phyco_rfu,499.84
9,8,2017,warwick,p,int,2,phyco_rfu,494.55
9,8,2017,warwick,p,int,3,phyco_rfu,501.86
9,8,2017,warwick,p,int,1,filter_vol,200
14,8,2017,yawgoo,blank,int,1,blank,500.37
14,8,2017,yawgoo,blank,int,2,blank,483.78
14,8,2017,yawgoo,1,int,1,phyco_rfu,489.65
14,8,2017,yawgoo,1,int,2,phyco_rfu,487.61
14,8,2017,yawgoo,1,int,1,filter_vol,400
14,8,2017,yawgoo,2,int,1,phyco_rfu,534.82
14,8,2017,yawgoo,2,int,2,phyco_rfu,539.91
14,8,2017,yawgoo,2,int,1,filter_vol,400
14,8,2017,yawgoo,3,int,1,phyco_rfu,560.32
14,8,2017,yawgoo,3,int,2,phyco_rfu,536.99
14,8,2017,yawgoo,3,int,1,filter_vol,400
14,8,2017,yawgoo,4,int,1,phyco_rfu,488.02
14,8,2017,yawgoo,4,int,2,phyco_rfu,497.02
14,8,2017,yawgoo,4,int,1,filter_vol,400
14,8,2017,yawgoo,5,int,1,phyco_rfu,547.62
14,8,2017,yawgoo,5,int,2,phyco_rfu,557.16
14,8,2017,yawgoo,5,int,1,filter_vol,400
14,8,2017,yawgoo,6,int,1,phyco_rfu,542.15
14,8,2017,yawgoo,6,int,2,phyco_rfu,539.71
14,8,2017,yawgoo,6,int,1,filter_vol,400
14,8,2017,yawgoo,p,int,1,phyco_rfu,529.94
14,8,2017,yawgoo,p,int,2,phyco_rfu,514.57
14,8,2017,yawgoo,p,int,3,phyco_rfu,495.95
14,8,2017,yawgoo,p,int,1,filter_vol,400
14,8,2017,warwick,blank,int,1,blank,501.86
14,8,2017,warwick,blank,int,2,blank,503.45
14,8,2017,warwick,1,int,1,phyco_rfu,508.62
14,8,2017,warwick,1,int,2,phyco_rfu,537.08
14,8,2017,warwick,1,int,1,filter_vol,200
14,8,2017,warwick,2,int,1,phyco_rfu,547.02
14,8,2017,warwick,2,int,2,phyco_rfu,520.78
14,8,2017,warwick,2,int,1,filter_vol,200
14,8,2017,warwick,3,int,1,phyco_rfu,583.12
14,8,2017,warwick,3,int,2,phyco_rfu,539.96
14,8,2017,warwick,3,int,1,filter_vol,200
14,8,2017,warwick,4,int,1,phyco_rfu,476.42
14,8,2017,warwick,4,int,2,phyco_rfu,526.01
14,8,2017,warwick,4,int,1,filter_vol,200
14,8,2017,warwick,5,int,1,phyco_rfu,575.65
14,8,2017,warwick,5,int,2,phyco_rfu,522.7
14,8,2017,warwick,5,int,1,filter_vol,200
14,8,2017,warwick,6,int,1,phyco_rfu,499.32
14,8,2017,warwick,6,int,2,phyco_rfu,500.35
14,8,2017,warwick,6,int,1,filter_vol,200
14,8,2017,warwick,p,int,1,phyco_rfu,487.13
14,8,2017,warwick,p,int,2,phyco_rfu,489.63
14,8,2017,warwick,p,int,3,phyco_rfu,489.82
14,8,2017,warwick,p,int,1,filter_vol,200
16,8,2017,yawgoo,blank,int,1,blank,
16,8,2017,yawgoo,blank,int,2,blank,
16,8,2017,yawgoo,1,int,1,phyco_rfu,
16,8,2017,yawgoo,1,int,2,phyco_rfu,
16,8,2017,yawgoo,1,int,1,filter_vol,400
16,8,2017,yawgoo,2,int,1,phyco_rfu,
16,8,2017,yawgoo,2,int,2,phyco_rfu,
16,8,2017,yawgoo,2,int,1,filter_vol,400
16,8,2017,yawgoo,3,int,1,phyco_rfu,
16,8,2017,yawgoo,3,int,2,phyco_rfu,
16,8,2017,yawgoo,3,int,1,filter_vol,400
16,8,2017,yawgoo,4,int,1,phyco_rfu,
16,8,2017,yawgoo,4,int,2,phyco_rfu,
16,8,2017,yawgoo,4,int,1,filter_vol,400
16,8,2017,yawgoo,5,int,1,phyco_rfu,
16,8,2017,yawgoo,5,int,2,phyco_rfu,
16,8,2017,yawgoo,5,int,1,filter_vol,400
16,8,2017,yawgoo,6,int,1,phyco_rfu,
16,8,2017,yawgoo,6,int,2,phyco_rfu,
16,8,2017,yawgoo,6,int,1,filter_vol,400
16,8,2017,yawgoo,p,int,1,phyco_rfu,
16,8,2017,yawgoo,p,int,2,phyco_rfu,
16,8,2017,yawgoo,p,int,3,phyco_rfu,
16,8,2017,yawgoo,p,int,1,filter_vol,400
16,8,2017,warwick,blank,int,1,blank,
16,8,2017,warwick,blank,int,2,blank,
16,8,2017,warwick,1,int,1,phyco_rfu,
16,8,2017,warwick,1,int,2,phyco_rfu,
16,8,2017,warwick,1,int,1,filter_vol,200
16,8,2017,warwick,2,int,1,phyco_rfu,
16,8,2017,warwick,2,int,2,phyco_rfu,
16,8,2017,warwick,2,int,1,filter_vol,200
16,8,2017,warwick,3,int,1,phyco_rfu,
16,8,2017,warwick,3,int,2,phyco_rfu,
16,8,2017,warwick,3,int,1,filter_vol,200
16,8,2017,warwick,4,int,1,phyco_rfu,
16,8,2017,warwick,4,int,2,phyco_rfu,
16,8,2017,warwick,4,int,1,filter_vol,200
16,8,2017,warwick,5,int,1,phyco_rfu,
16,8,2017,warwick,5,int,2,phyco_rfu,
16,8,2017,warwick,5,int,1,filter_vol,200
16,8,2017,warwick,6,int,1,phyco_rfu,
16,8,2017,warwick,6,int,2,phyco_rfu,
16,8,2017,warwick,6,int,1,filter_vol,200
16,8,2017,warwick,p,int,1,phyco_rfu,
16,8,2017,warwick,p,int,2,phyco_rfu,
16,8,2017,warwick,p,int,3,phyco_rfu,
16,8,2017,warwick,p,int,1,filter_vol,200
21,8,2017,yawgoo,blank,int,1,blank,
21,8,2017,yawgoo,blank,int,2,blank,
21,8,2017,yawgoo,1,int,1,phyco_rfu,
21,8,2017,yawgoo,1,int,2,phyco_rfu,
21,8,2017,yawgoo,1,int,1,filter_vol,400
21,8,2017,yawgoo,2,int,1,phyco_rfu,
21,8,2017,yawgoo,2,int,2,phyco_rfu,
21,8,2017,yawgoo,2,int,1,filter_vol,400
21,8,2017,yawgoo,3,int,1,phyco_rfu,
21,8,2017,yawgoo,3,int,2,phyco_rfu,
21,8,2017,yawgoo,3,int,1,filter_vol,400
21,8,2017,yawgoo,4,int,1,phyco_rfu,
21,8,2017,yawgoo,4,int,2,phyco_rfu,
21,8,2017,yawgoo,4,int,1,filter_vol,400
21,8,2017,yawgoo,5,int,1,phyco_rfu,
21,8,2017,yawgoo,5,int,2,phyco_rfu,
21,8,2017,yawgoo,5,int,1,filter_vol,400
21,8,2017,yawgoo,6,int,1,phyco_rfu,
21,8,2017,yawgoo,6,int,2,phyco_rfu,
21,8,2017,yawgoo,6,int,1,filter_vol,400
21,8,2017,yawgoo,p,int,1,phyco_rfu,
21,8,2017,yawgoo,p,int,2,phyco_rfu,
21,8,2017,yawgoo,p,int,3,phyco_rfu,
21,8,2017,yawgoo,p,int,1,filter_vol,400
21,8,2017,warwick,blank,int,1,blank,
21,8,2017,warwick,blank,int,2,blank,
21,8,2017,warwick,1,int,1,phyco_rfu,
21,8,2017,warwick,1,int,2,phyco_rfu,
21,8,2017,warwick,1,int,1,filter_vol,200
21,8,2017,warwick,2,int,1,phyco_rfu,
21,8,2017,warwick,2,int,2,phyco_rfu,
21,8,2017,warwick,2,int,1,filter_vol,200
21,8,2017,warwick,3,int,1,phyco_rfu,
21,8,2017,warwick,3,int,2,phyco_rfu,
21,8,2017,warwick,3,int,1,filter_vol,200
21,8,2017,warwick,4,int,1,phyco_rfu,
21,8,2017,warwick,4,int,2,phyco_rfu,
21,8,2017,warwick,4,int,1,filter_vol,200
21,8,2017,warwick,5,int,1,phyco_rfu,
21,8,2017,warwick,5,int,2,phyco_rfu,
21,8,2017,warwick,5,int,1,filter_vol,200
21,8,2017,warwick,6,int,1,phyco_rfu,
21,8,2017,warwick,6,int,2,phyco_rfu,
21,8,2017,warwick,6,int,1,filter_vol,200
21,8,2017,warwick,p,int,1,phyco_rfu,
21,8,2017,warwick,p,int,2,phyco_rfu,
21,8,2017,warwick,p,int,3,phyco_rfu,
21,8,2017,warwick,p,int,1,filter_vol,200
24,8,2017,yawgoo,blank,int,1,blank,
24,8,2017,yawgoo,blank,int,2,blank,
24,8,2017,yawgoo,1,int,1,phyco_rfu,
24,8,2017,yawgoo,1,int,2,phyco_rfu,
24,8,2017,yawgoo,1,int,1,filter_vol,400
24,8,2017,yawgoo,2,int,1,phyco_rfu,
24,8,2017,yawgoo,2,int,2,phyco_rfu,
24,8,2017,yawgoo,2,int,1,filter_vol,400
24,8,2017,yawgoo,3,int,1,phyco_rfu,
24,8,2017,yawgoo,3,int,2,phyco_rfu,
24,8,2017,yawgoo,3,int,1,filter_vol,400
24,8,2017,yawgoo,4,int,1,phyco_rfu,
24,8,2017,yawgoo,4,int,2,phyco_rfu,
24,8,2017,yawgoo,4,int,1,filter_vol,400
24,8,2017,yawgoo,5,int,1,phyco_rfu,
24,8,2017,yawgoo,5,int,2,phyco_rfu,
24,8,2017,yawgoo,5,int,1,filter_vol,400
24,8,2017,yawgoo,6,int,1,phyco_rfu,
24,8,2017,yawgoo,6,int,2,phyco_rfu,
24,8,2017,yawgoo,6,int,1,filter_vol,400
24,8,2017,yawgoo,p,int,1,phyco_rfu,
24,8,2017,yawgoo,p,int,2,phyco_rfu,
24,8,2017,yawgoo,p,int,3,phyco_rfu,
24,8,2017,yawgoo,p,int,1,filter_vol,400
24,8,2017,warwick,blank,int,1,blank,
24,8,2017,warwick,blank,int,2,blank,
24,8,2017,warwick,1,int,1,phyco_rfu,
24,8,2017,warwick,1,int,2,phyco_rfu,
24,8,2017,warwick,1,int,1,filter_vol,200
24,8,2017,warwick,2,int,1,phyco_rfu,
24,8,2017,warwick,2,int,2,phyco_rfu,
24,8,2017,warwick,2,int,1,filter_vol,200
24,8,2017,warwick,3,int,1,phyco_rfu,
24,8,2017,warwick,3,int,2,phyco_rfu,
24,8,2017,warwick,3,int,1,filter_vol,200
24,8,2017,warwick,4,int,1,phyco_rfu,
24,8,2017,warwick,4,int,2,phyco_rfu,
24,8,2017,warwick,4,int,1,filter_vol,200
24,8,2017,warwick,5,int,1,phyco_rfu,
24,8,2017,warwick,5,int,2,phyco_rfu,
24,8,2017,warwick,5,int,1,filter_vol,200
24,8,2017,warwick,6,int,1,phyco_rfu,
24,8,2017,warwick,6,int,2,phyco_rfu,
24,8,2017,warwick,6,int,1,filter_vol,200
24,8,2017,warwick,p,int,1,phyco_rfu,
24,8,2017,warwick,p,int,2,phyco_rfu,
24,8,2017,warwick,p,int,3,phyco_rfu,
24,8,2017,warwick,p,int,1,filter_vol,200
28,8,2017,yawgoo,blank,int,1,blank,
28,8,2017,yawgoo,blank,int,2,blank,
28,8,2017,yawgoo,1,int,1,phyco_rfu,
28,8,2017,yawgoo,1,int,2,phyco_rfu,
28,8,2017,yawgoo,1,int,1,filter_vol,400
28,8,2017,yawgoo,2,int,1,phyco_rfu,
28,8,2017,yawgoo,2,int,2,phyco_rfu,
28,8,2017,yawgoo,2,int,1,filter_vol,400
28,8,2017,yawgoo,3,int,1,phyco_rfu,
28,8,2017,yawgoo,3,int,2,phyco_rfu,
28,8,2017,yawgoo,3,int,1,filter_vol,400
28,8,2017,yawgoo,4,int,1,phyco_rfu,
28,8,2017,yawgoo,4,int,2,phyco_rfu,
28,8,2017,yawgoo,4,int,1,filter_vol,400
28,8,2017,yawgoo,5,int,1,phyco_rfu,
28,8,2017,yawgoo,5,int,2,phyco_rfu,
28,8,2017,yawgoo,5,int,1,filter_vol,400
28,8,2017,yawgoo,6,int,1,phyco_rfu,
28,8,2017,yawgoo,6,int,2,phyco_rfu,
28,8,2017,yawgoo,6,int,1,filter_vol,400
28,8,2017,yawgoo,p,int,1,phyco_rfu,
28,8,2017,yawgoo,p,int,2,phyco_rfu,
28,8,2017,yawgoo,p,int,3,phyco_rfu,
28,8,2017,yawgoo,p,int,1,filter_vol,400
28,8,2017,warwick,blank,int,1,blank,
28,8,2017,warwick,blank,int,2,blank,
28,8,2017,warwick,1,int,1,phyco_rfu,
28,8,2017,warwick,1,int,2,phyco_rfu,
28,8,2017,warwick,1,int,1,filter_vol,100
28,8,2017,warwick,2,int,1,phyco_rfu,
28,8,2017,warwick,2,int,2,phyco_rfu,
28,8,2017,warwick,2,int,1,filter_vol,100
28,8,2017,warwick,3,int,1,phyco_rfu,
28,8,2017,warwick,3,int,2,phyco_rfu,
28,8,2017,warwick,3,int,1,filter_vol,100
28,8,2017,warwick,4,int,1,phyco_rfu,
28,8,2017,warwick,4,int,2,phyco_rfu,
28,8,2017,warwick,4,int,1,filter_vol,100
28,8,2017,warwick,5,int,1,phyco_rfu,
28,8,2017,warwick,5,int,2,phyco_rfu,
28,8,2017,warwick,5,int,1,filter_vol,100
28,8,2017,warwick,6,int,1,phyco_rfu,
28,8,2017,warwick,6,int,2,phyco_rfu,
28,8,2017,warwick,6,int,1,filter_vol,100
28,8,2017,warwick,p,int,1,phyco_rfu,
28,8,2017,warwick,p,int,2,phyco_rfu,
28,8,2017,warwick,p,int,3,phyco_rfu,
28,8,2017,warwick,p,int,1,filter_vol,100
30,8,2017,yawgoo,blank,int,1,blank,
30,8,2017,yawgoo,blank,int,2,blank,
30,8,2017,yawgoo,1,int,1,phyco_rfu,
30,8,2017,yawgoo,1,int,2,phyco_rfu,
30,8,2017,yawgoo,1,int,1,filter_vol,400
30,8,2017,yawgoo,2,int,1,phyco_rfu,
30,8,2017,yawgoo,2,int,2,phyco_rfu,
30,8,2017,yawgoo,2,int,1,filter_vol,400
30,8,2017,yawgoo,3,int,1,phyco_rfu,
30,8,2017,yawgoo,3,int,2,phyco_rfu,
30,8,2017,yawgoo,3,int,1,filter_vol,400
30,8,2017,yawgoo,4,int,1,phyco_rfu,
30,8,2017,yawgoo,4,int,2,phyco_rfu,
30,8,2017,yawgoo,4,int,1,filter_vol,400
30,8,2017,yawgoo,5,int,1,phyco_rfu,
30,8,2017,yawgoo,5,int,2,phyco_rfu,
30,8,2017,yawgoo,5,int,1,filter_vol,400
30,8,2017,yawgoo,6,int,1,phyco_rfu,
30,8,2017,yawgoo,6,int,2,phyco_rfu,
30,8,2017,yawgoo,6,int,1,filter_vol,400
30,8,2017,yawgoo,p,int,1,phyco_rfu,
30,8,2017,yawgoo,p,int,2,phyco_rfu,
30,8,2017,yawgoo,p,int,3,phyco_rfu,
30,8,2017,yawgoo,p,int,1,filter_vol,400
30,8,2017,warwick,blank,int,1,blank,
30,8,2017,warwick,blank,int,2,blank,
30,8,2017,warwick,1,int,1,phyco_rfu,
30,8,2017,warwick,1,int,2,phyco_rfu,
30,8,2017,warwick,1,int,1,filter_vol,100
30,8,2017,warwick,2,int,1,phyco_rfu,
30,8,2017,warwick,2,int,2,phyco_rfu,
30,8,2017,warwick,2,int,1,filter_vol,100
30,8,2017,warwick,3,int,1,phyco_rfu,
30,8,2017,warwick,3,int,2,phyco_rfu,
30,8,2017,warwick,3,int,1,filter_vol,100
30,8,2017,warwick,4,int,1,phyco_rfu,
30,8,2017,warwick,4,int,2,phyco_rfu,
30,8,2017,warwick,4,int,1,filter_vol,100
30,8,2017,warwick,5,int,1,phyco_rfu,
30,8,2017,warwick,5,int,2,phyco_rfu,
30,8,2017,warwick,5,int,1,filter_vol,100
30,8,2017,warwick,6,int,1,phyco_rfu,
30,8,2017,warwick,6,int,2,phyco_rfu,
30,8,2017,warwick,6,int,1,filter_vol,100
30,8,2017,warwick,p,int,1,phyco_rfu,
30,8,2017,warwick,p,int,2,phyco_rfu,
30,8,2017,warwick,p,int,3,phyco_rfu,
30,8,2017,warwick,p,int,1,filter_vol,100
5,9,2017,yawgoo,blank,int,1,blank,503.45
5,9,2017,yawgoo,blank,int,2,blank,505.85
5,9,2017,yawgoo,1,int,1,phyco_rfu,503.28
5,9,2017,yawgoo,1,int,2,phyco_rfu,500.46
5,9,2017,yawgoo,1,int,1,filter_vol,400
5,9,2017,yawgoo,2,int,1,phyco_rfu,504.92
5,9,2017,yawgoo,2,int,2,phyco_rfu,504.28
5,9,2017,yawgoo,2,int,1,filter_vol,400
5,9,2017,yawgoo,3,int,1,phyco_rfu,500.51
5,9,2017,yawgoo,3,int,2,phyco_rfu,505.38
5,9,2017,yawgoo,3,int,1,filter_vol,400
5,9,2017,yawgoo,4,int,1,phyco_rfu,511.62
5,9,2017,yawgoo,4,int,2,phyco_rfu,489.71
5,9,2017,yawgoo,4,int,1,filter_vol,400
5,9,2017,yawgoo,5,int,1,phyco_rfu,495.5
5,9,2017,yawgoo,5,int,2,phyco_rfu,493.72
5,9,2017,yawgoo,5,int,1,filter_vol,400
5,9,2017,yawgoo,6,int,1,phyco_rfu,496.31
5,9,2017,yawgoo,6,int,2,phyco_rfu,494.7
5,9,2017,yawgoo,6,int,1,filter_vol,400
5,9,2017,yawgoo,p,int,1,phyco_rfu,493.22
5,9,2017,yawgoo,p,int,2,phyco_rfu,496.83
5,9,2017,yawgoo,p,int,3,phyco_rfu,496.57
5,9,2017,yawgoo,p,int,1,filter_vol,400
5,9,2017,yawgoo,blank,int,3,blank,491.24
5,9,2017,yawgoo,blank,int,4,blank,493.37
5,9,2017,warwick,blank,int,1,blank,490.65
5,9,2017,warwick,blank,int,2,blank,480.49
5,9,2017,warwick,1,int,1,phyco_rfu,545.55
5,9,2017,warwick,1,int,2,phyco_rfu,550.12
5,9,2017,warwick,1,int,1,filter_vol,100
5,9,2017,warwick,2,int,1,phyco_rfu,530.08
5,9,2017,warwick,2,int,2,phyco_rfu,557.65
5,9,2017,warwick,2,int,1,filter_vol,100
5,9,2017,warwick,3,int,1,phyco_rfu,548.41
5,9,2017,warwick,3,int,2,phyco_rfu,546.75
5,9,2017,warwick,3,int,1,filter_vol,100
5,9,2017,warwick,4,int,1,phyco_rfu,564.43
5,9,2017,warwick,4,int,2,phyco_rfu,537.87
5,9,2017,warwick,4,int,1,filter_vol,100
5,9,2017,warwick,5,int,1,phyco_rfu,540.54
5,9,2017,warwick,5,int,2,phyco_rfu,556.48
5,9,2017,warwick,5,int,1,filter_vol,100
5,9,2017,warwick,6,int,1,phyco_rfu,540.92
5,9,2017,warwick,6,int,2,phyco_rfu,551.14
5,9,2017,warwick,6,int,1,filter_vol,100
5,9,2017,warwick,p,int,1,phyco_rfu,524.5
5,9,2017,warwick,p,int,2,phyco_rfu,542.12
5,9,2017,warwick,p,int,3,phyco_rfu,552.74
5,9,2017,warwick,p,int,1,filter_vol,100
5,9,2017,warwick,blank,int,3,blank,482.68
5,9,2017,warwick,blank,int,4,blank,480.75
7,9,2017,yawgoo,blank,int,1,blank,
7,9,2017,yawgoo,blank,int,2,blank,
7,9,2017,yawgoo,1,int,1,phyco_rfu,
7,9,2017,yawgoo,1,int,2,phyco_rfu,
7,9,2017,yawgoo,1,int,1,filter_vol,400
7,9,2017,yawgoo,2,int,1,phyco_rfu,
7,9,2017,yawgoo,2,int,2,phyco_rfu,
7,9,2017,yawgoo,2,int,1,filter_vol,400
7,9,2017,yawgoo,3,int,1,phyco_rfu,
7,9,2017,yawgoo,3,int,2,phyco_rfu,
7,9,2017,yawgoo,3,int,1,filter_vol,400
7,9,2017,yawgoo,4,int,1,phyco_rfu,
7,9,2017,yawgoo,4,int,2,phyco_rfu,
7,9,2017,yawgoo,4,int,1,filter_vol,400
7,9,2017,yawgoo,5,int,1,phyco_rfu,
7,9,2017,yawgoo,5,int,2,phyco_rfu,
7,9,2017,yawgoo,5,int,1,filter_vol,400
7,9,2017,yawgoo,6,int,1,phyco_rfu,
7,9,2017,yawgoo,6,int,2,phyco_rfu,
7,9,2017,yawgoo,6,int,1,filter_vol,400
7,9,2017,yawgoo,p,int,1,phyco_rfu,
7,9,2017,yawgoo,p,int,2,phyco_rfu,
7,9,2017,yawgoo,p,int,3,phyco_rfu,
7,9,2017,yawgoo,p,int,1,filter_vol,400
7,9,2017,warwick,blank,int,1,blank,
7,9,2017,warwick,blank,int,2,blank,
7,9,2017,warwick,1,int,1,phyco_rfu,
7,9,2017,warwick,1,int,2,phyco_rfu,
7,9,2017,warwick,1,int,1,filter_vol,100
7,9,2017,warwick,2,int,1,phyco_rfu,
7,9,2017,warwick,2,int,2,phyco_rfu,
7,9,2017,warwick,2,int,1,filter_vol,100
7,9,2017,warwick,3,int,1,phyco_rfu,
7,9,2017,warwick,3,int,2,phyco_rfu,
7,9,2017,warwick,3,int,1,filter_vol,100
7,9,2017,warwick,4,int,1,phyco_rfu,
7,9,2017,warwick,4,int,2,phyco_rfu,
7,9,2017,warwick,4,int,1,filter_vol,100
7,9,2017,warwick,5,int,1,phyco_rfu,
7,9,2017,warwick,5,int,2,phyco_rfu,
7,9,2017,warwick,5,int,1,filter_vol,100
7,9,2017,warwick,6,int,1,phyco_rfu,
7,9,2017,warwick,6,int,2,phyco_rfu,
7,9,2017,warwick,6,int,1,filter_vol,100
7,9,2017,warwick,p,int,1,phyco_rfu,
7,9,2017,warwick,p,int,2,phyco_rfu,
7,9,2017,warwick,p,int,3,phyco_rfu,
7,9,2017,warwick,p,int,1,filter_vol,100
12,9,2017,yawgoo,blank,int,1,blank,
12,9,2017,yawgoo,blank,int,2,blank,
12,9,2017,yawgoo,1,int,1,phyco_rfu,
12,9,2017,yawgoo,1,int,2,phyco_rfu,
12,9,2017,yawgoo,1,int,1,filter_vol,400
12,9,2017,yawgoo,2,int,1,phyco_rfu,
12,9,2017,yawgoo,2,int,2,phyco_rfu,
12,9,2017,yawgoo,2,int,1,filter_vol,400
12,9,2017,yawgoo,3,int,1,phyco_rfu,
12,9,2017,yawgoo,3,int,2,phyco_rfu,
12,9,2017,yawgoo,3,int,1,filter_vol,400
12,9,2017,yawgoo,4,int,1,phyco_rfu,
12,9,2017,yawgoo,4,int,2,phyco_rfu,
12,9,2017,yawgoo,4,int,1,filter_vol,400
12,9,2017,yawgoo,5,int,1,phyco_rfu,
12,9,2017,yawgoo,5,int,2,phyco_rfu,
12,9,2017,yawgoo,5,int,1,filter_vol,400
12,9,2017,yawgoo,6,int,1,phyco_rfu,
12,9,2017,yawgoo,6,int,2,phyco_rfu,
12,9,2017,yawgoo,6,int,1,filter_vol,400
12,9,2017,yawgoo,p,int,1,phyco_rfu,
12,9,2017,yawgoo,p,int,2,phyco_rfu,
12,9,2017,yawgoo,p,int,3,phyco_rfu,
12,9,2017,yawgoo,p,int,1,filter_vol,400
12,9,2017,warwick,blank,int,1,blank,
12,9,2017,warwick,blank,int,2,blank,
12,9,2017,warwick,1,int,1,phyco_rfu,
12,9,2017,warwick,1,int,2,phyco_rfu,
12,9,2017,warwick,1,int,1,filter_vol,100
12,9,2017,warwick,2,int,1,phyco_rfu,
12,9,2017,warwick,2,int,2,phyco_rfu,
12,9,2017,warwick,2,int,1,filter_vol,100
12,9,2017,warwick,3,int,1,phyco_rfu,2705.04
12,9,2017,warwick,3,int,2,phyco_rfu,2625.54
12,9,2017,warwick,3,int,1,filter_vol,100
12,9,2017,warwick,4,int,1,phyco_rfu,
12,9,2017,warwick,4,int,2,phyco_rfu,
12,9,2017,warwick,4,int,1,filter_vol,100
12,9,2017,warwick,5,int,1,phyco_rfu,
12,9,2017,warwick,5,int,2,phyco_rfu,
12,9,2017,warwick,5,int,1,filter_vol,100
12,9,2017,warwick,6,int,1,phyco_rfu,
12,9,2017,warwick,6,int,2,phyco_rfu,
12,9,2017,warwick,6,int,1,filter_vol,100
12,9,2017,warwick,p,int,1,phyco_rfu,
12,9,2017,warwick,p,int,2,phyco_rfu,
12,9,2017,warwick,p,int,3,phyco_rfu,
12,9,2017,warwick,p,int,1,filter_vol,100
14,9,2017,yawgoo,blank,int,1,blank,
14,9,2017,yawgoo,blank,int,2,blank,
14,9,2017,yawgoo,1,int,1,phyco_rfu,
14,9,2017,yawgoo,1,int,2,phyco_rfu,
14,9,2017,yawgoo,1,int,1,filter_vol,400
14,9,2017,yawgoo,2,int,1,phyco_rfu,
14,9,2017,yawgoo,2,int,2,phyco_rfu,
14,9,2017,yawgoo,2,int,1,filter_vol,400
14,9,2017,yawgoo,3,int,1,phyco_rfu,
14,9,2017,yawgoo,3,int,2,phyco_rfu,
14,9,2017,yawgoo,3,int,1,filter_vol,400
14,9,2017,yawgoo,4,int,1,phyco_rfu,
14,9,2017,yawgoo,4,int,2,phyco_rfu,
14,9,2017,yawgoo,4,int,1,filter_vol,400
14,9,2017,yawgoo,5,int,1,phyco_rfu,
14,9,2017,yawgoo,5,int,2,phyco_rfu,
14,9,2017,yawgoo,5,int,1,filter_vol,400
14,9,2017,yawgoo,6,int,1,phyco_rfu,
14,9,2017,yawgoo,6,int,2,phyco_rfu,
14,9,2017,yawgoo,6,int,1,filter_vol,400
14,9,2017,yawgoo,p,int,1,phyco_rfu,
14,9,2017,yawgoo,p,int,2,phyco_rfu,
14,9,2017,yawgoo,p,int,3,phyco_rfu,
14,9,2017,yawgoo,p,int,1,filter_vol,400
14,9,2017,warwick,blank,int,1,blank,
14,9,2017,warwick,blank,int,2,blank,
14,9,2017,warwick,1,int,1,phyco_rfu,
14,9,2017,warwick,1,int,2,phyco_rfu,
14,9,2017,warwick,1,int,1,filter_vol,100
14,9,2017,warwick,2,int,1,phyco_rfu,
14,9,2017,warwick,2,int,2,phyco_rfu,
14,9,2017,warwick,2,int,1,filter_vol,100
14,9,2017,warwick,3,int,1,phyco_rfu,
14,9,2017,warwick,3,int,2,phyco_rfu,
14,9,2017,warwick,3,int,1,filter_vol,100
14,9,2017,warwick,4,int,1,phyco_rfu,
14,9,2017,warwick,4,int,2,phyco_rfu,
14,9,2017,warwick,4,int,1,filter_vol,100
14,9,2017,warwick,5,int,1,phyco_rfu,
14,9,2017,warwick,5,int,2,phyco_rfu,
14,9,2017,warwick,5,int,1,filter_vol,100
14,9,2017,warwick,6,int,1,phyco_rfu,
14,9,2017,warwick,6,int,2,phyco_rfu,
14,9,2017,warwick,6,int,1,filter_vol,100
14,9,2017,warwick,p,int,1,phyco_rfu,
14,9,2017,warwick,p,int,2,phyco_rfu,
14,9,2017,warwick,p,int,3,phyco_rfu,
14,9,2017,warwick,p,int,1,filter_vol,100
18,9,2017,yawgoo,blank,int,1,blank,
18,9,2017,yawgoo,blank,int,2,blank,
18,9,2017,yawgoo,1,int,1,phyco_rfu,
18,9,2017,yawgoo,1,int,2,phyco_rfu,
18,9,2017,yawgoo,1,int,1,filter_vol,400
18,9,2017,yawgoo,2,int,1,phyco_rfu,
18,9,2017,yawgoo,2,int,2,phyco_rfu,
18,9,2017,yawgoo,2,int,1,filter_vol,400
18,9,2017,yawgoo,3,int,1,phyco_rfu,
18,9,2017,yawgoo,3,int,2,phyco_rfu,
18,9,2017,yawgoo,3,int,1,filter_vol,400
18,9,2017,yawgoo,4,int,1,phyco_rfu,
18,9,2017,yawgoo,4,int,2,phyco_rfu,
18,9,2017,yawgoo,4,int,1,filter_vol,400
18,9,2017,yawgoo,5,int,1,phyco_rfu,
18,9,2017,yawgoo,5,int,2,phyco_rfu,
18,9,2017,yawgoo,5,int,1,filter_vol,400
18,9,2017,yawgoo,6,int,1,phyco_rfu,
18,9,2017,yawgoo,6,int,2,phyco_rfu,
18,9,2017,yawgoo,6,int,1,filter_vol,400
18,9,2017,yawgoo,p,int,1,phyco_rfu,
18,9,2017,yawgoo,p,int,2,phyco_rfu,
18,9,2017,yawgoo,p,int,3,phyco_rfu,
18,9,2017,yawgoo,p,int,1,filter_vol,400
18,9,2017,warwick,blank,int,1,blank,
18,9,2017,warwick,blank,int,2,blank,
18,9,2017,warwick,1,int,1,phyco_rfu,
18,9,2017,warwick,1,int,2,phyco_rfu,
18,9,2017,warwick,1,int,1,filter_vol,100
18,9,2017,warwick,2,int,1,phyco_rfu,
18,9,2017,warwick,2,int,2,phyco_rfu,
18,9,2017,warwick,2,int,1,filter_vol,100
18,9,2017,warwick,3,int,1,phyco_rfu,
18,9,2017,warwick,3,int,2,phyco_rfu,
18,9,2017,warwick,3,int,1,filter_vol,100
18,9,2017,warwick,4,int,1,phyco_rfu,
18,9,2017,warwick,4,int,2,phyco_rfu,
18,9,2017,warwick,4,int,1,filter_vol,100
18,9,2017,warwick,5,int,1,phyco_rfu,
18,9,2017,warwick,5,int,2,phyco_rfu,
18,9,2017,warwick,5,int,1,filter_vol,100
18,9,2017,warwick,6,int,1,phyco_rfu,
18,9,2017,warwick,6,int,2,phyco_rfu,
18,9,2017,warwick,6,int,1,filter_vol,100
18,9,2017,warwick,p,int,1,phyco_rfu,
18,9,2017,warwick,p,int,2,phyco_rfu,
18,9,2017,warwick,p,int,3,phyco_rfu,
18,9,2017,warwick,p,int,1,filter_vol,100
25,9,2017,yawgoo,blank,int,1,blank,
25,9,2017,yawgoo,blank,int,2,blank,
25,9,2017,yawgoo,1,int,1,phyco_rfu,
25,9,2017,yawgoo,1,int,2,phyco_rfu,
25,9,2017,yawgoo,1,int,1,filter_vol,400
25,9,2017,yawgoo,2,int,1,phyco_rfu,
25,9,2017,yawgoo,2,int,2,phyco_rfu,
25,9,2017,yawgoo,2,int,1,filter_vol,400
25,9,2017,yawgoo,3,int,1,phyco_rfu,
25,9,2017,yawgoo,3,int,2,phyco_rfu,
25,9,2017,yawgoo,3,int,1,filter_vol,400
25,9,2017,yawgoo,4,int,1,phyco_rfu,
25,9,2017,yawgoo,4,int,2,phyco_rfu,
25,9,2017,yawgoo,4,int,1,filter_vol,400
25,9,2017,yawgoo,5,int,1,phyco_rfu,
25,9,2017,yawgoo,5,int,2,phyco_rfu,
25,9,2017,yawgoo,5,int,1,filter_vol,400
25,9,2017,yawgoo,6,int,1,phyco_rfu,
25,9,2017,yawgoo,6,int,2,phyco_rfu,
25,9,2017,yawgoo,6,int,1,filter_vol,400
25,9,2017,yawgoo,p,int,1,phyco_rfu,
25,9,2017,yawgoo,p,int,2,phyco_rfu,
25,9,2017,yawgoo,p,int,3,phyco_rfu,
25,9,2017,yawgoo,p,int,1,filter_vol,400
25,9,2017,warwick,blank,int,1,blank,
25,9,2017,warwick,blank,int,2,blank,
25,9,2017,warwick,1,int,1,phyco_rfu,
25,9,2017,warwick,1,int,2,phyco_rfu,
25,9,2017,warwick,1,int,1,filter_vol,100
25,9,2017,warwick,2,int,1,phyco_rfu,
25,9,2017,warwick,2,int,2,phyco_rfu,
25,9,2017,warwick,2,int,1,filter_vol,100
25,9,2017,warwick,3,int,1,phyco_rfu,
25,9,2017,warwick,3,int,2,phyco_rfu,
25,9,2017,warwick,3,int,1,filter_vol,100
25,9,2017,warwick,4,int,1,phyco_rfu,
25,9,2017,warwick,4,int,2,phyco_rfu,
25,9,2017,warwick,4,int,1,filter_vol,100
25,9,2017,warwick,5,int,1,phyco_rfu,
25,9,2017,warwick,5,int,2,phyco_rfu,
25,9,2017,warwick,5,int,1,filter_vol,100
25,9,2017,warwick,6,int,1,phyco_rfu,
25,9,2017,warwick,6,int,2,phyco_rfu,
25,9,2017,warwick,6,int,1,filter_vol,100
25,9,2017,warwick,p,int,1,phyco_rfu,
25,9,2017,warwick,p,int,2,phyco_rfu,
25,9,2017,warwick,p,int,3,phyco_rfu,
25,9,2017,warwick,p,int,1,filter_vol,100
27,9,2017,yawgoo,blank,int,1,blank,
27,9,2017,yawgoo,blank,int,2,blank,
27,9,2017,yawgoo,1,int,1,phyco_rfu,
27,9,2017,yawgoo,1,int,2,phyco_rfu,
27,9,2017,yawgoo,1,int,1,filter_vol,400
27,9,2017,yawgoo,2,int,1,phyco_rfu,
27,9,2017,yawgoo,2,int,2,phyco_rfu,
27,9,2017,yawgoo,2,int,1,filter_vol,400
27,9,2017,yawgoo,3,int,1,phyco_rfu,
27,9,2017,yawgoo,3,int,2,phyco_rfu,
27,9,2017,yawgoo,3,int,1,filter_vol,400
27,9,2017,yawgoo,4,int,1,phyco_rfu,
27,9,2017,yawgoo,4,int,2,phyco_rfu,
27,9,2017,yawgoo,4,int,1,filter_vol,400
27,9,2017,yawgoo,5,int,1,phyco_rfu,
27,9,2017,yawgoo,5,int,2,phyco_rfu,
27,9,2017,yawgoo,5,int,1,filter_vol,400
27,9,2017,yawgoo,6,int,1,phyco_rfu,
27,9,2017,yawgoo,6,int,2,phyco_rfu,
27,9,2017,yawgoo,6,int,1,filter_vol,400
27,9,2017,yawgoo,p,int,1,phyco_rfu,
27,9,2017,yawgoo,p,int,2,phyco_rfu,
27,9,2017,yawgoo,p,int,3,phyco_rfu,
27,9,2017,yawgoo,p,int,1,filter_vol,400
27,9,2017,warwick,blank,int,1,blank,
27,9,2017,warwick,blank,int,2,blank,
27,9,2017,warwick,1,int,1,phyco_rfu,
27,9,2017,warwick,1,int,2,phyco_rfu,
27,9,2017,warwick,1,int,1,filter_vol,100
27,9,2017,warwick,2,int,1,phyco_rfu,
27,9,2017,warwick,2,int,2,phyco_rfu,
27,9,2017,warwick,2,int,1,filter_vol,100
27,9,2017,warwick,3,int,1,phyco_rfu,
27,9,2017,warwick,3,int,2,phyco_rfu,
27,9,2017,warwick,3,int,1,filter_vol,100
27,9,2017,warwick,4,int,1,phyco_rfu,
27,9,2017,warwick,4,int,2,phyco_rfu,
27,9,2017,warwick,4,int,1,filter_vol,100
27,9,2017,warwick,5,int,1,phyco_rfu,
27,9,2017,warwick,5,int,2,phyco_rfu,
27,9,2017,warwick,5,int,1,filter_vol,100
27,9,2017,warwick,6,int,1,phyco_rfu,
27,9,2017,warwick,6,int,2,phyco_rfu,
27,9,2017,warwick,6,int,1,filter_vol,100
27,9,2017,warwick,p,int,1,phyco_rfu,
27,9,2017,warwick,p,int,2,phyco_rfu,
27,9,2017,warwick,p,int,3,phyco_rfu,
27,9,2017,warwick,p,int,1,filter_vol,100
2,10,2017,yawgoo,blank,int,1,blank,
2,10,2017,yawgoo,blank,int,2,blank,
2,10,2017,yawgoo,1,int,1,phyco_rfu,
2,10,2017,yawgoo,1,int,2,phyco_rfu,
2,10,2017,yawgoo,1,int,1,filter_vol,400
2,10,2017,yawgoo,2,int,1,phyco_rfu,
2,10,2017,yawgoo,2,int,2,phyco_rfu,
2,10,2017,yawgoo,2,int,1,filter_vol,400
2,10,2017,yawgoo,3,int,1,phyco_rfu,
2,10,2017,yawgoo,3,int,2,phyco_rfu,
2,10,2017,yawgoo,3,int,1,filter_vol,400
2,10,2017,yawgoo,4,int,1,phyco_rfu,
2,10,2017,yawgoo,4,int,2,phyco_rfu,
2,10,2017,yawgoo,4,int,1,filter_vol,400
2,10,2017,yawgoo,5,int,1,phyco_rfu,
2,10,2017,yawgoo,5,int,2,phyco_rfu,
2,10,2017,yawgoo,5,int,1,filter_vol,400
2,10,2017,yawgoo,6,int,1,phyco_rfu,
2,10,2017,yawgoo,6,int,2,phyco_rfu,
2,10,2017,yawgoo,6,int,1,filter_vol,400
2,10,2017,yawgoo,p,int,1,phyco_rfu,
2,10,2017,yawgoo,p,int,2,phyco_rfu,
2,10,2017,yawgoo,p,int,3,phyco_rfu,
2,10,2017,yawgoo,p,int,1,filter_vol,400
2,10,2017,warwick,blank,int,1,blank,
2,10,2017,warwick,blank,int,2,blank,
2,10,2017,warwick,1,int,1,phyco_rfu,
2,10,2017,warwick,1,int,2,phyco_rfu,
2,10,2017,warwick,1,int,1,filter_vol,100
2,10,2017,warwick,2,int,1,phyco_rfu,
2,10,2017,warwick,2,int,2,phyco_rfu,
2,10,2017,warwick,2,int,1,filter_vol,100
2,10,2017,warwick,3,int,1,phyco_rfu,
2,10,2017,warwick,3,int,2,phyco_rfu,
2,10,2017,warwick,3,int,1,filter_vol,100
2,10,2017,warwick,4,int,1,phyco_rfu,
2,10,2017,warwick,4,int,2,phyco_rfu,
2,10,2017,warwick,4,int,1,filter_vol,100
2,10,2017,warwick,5,int,1,phyco_rfu,
2,10,2017,warwick,5,int,2,phyco_rfu,
2,10,2017,warwick,5,int,1,filter_vol,100
2,10,2017,warwick,6,int,1,phyco_rfu,
2,10,2017,warwick,6,int,2,phyco_rfu,
2,10,2017,warwick,6,int,1,filter_vol,100
2,10,2017,warwick,p,int,1,phyco_rfu,
2,10,2017,warwick,p,int,2,phyco_rfu,
2,10,2017,warwick,p,int,3,phyco_rfu,
2,10,2017,warwick,p,int,1,filter_vol,100
4,10,2017,yawgoo,blank,int,1,blank,
4,10,2017,yawgoo,blank,int,2,blank,
4,10,2017,yawgoo,1,int,1,phyco_rfu,
4,10,2017,yawgoo,1,int,2,phyco_rfu,
4,10,2017,yawgoo,1,int,1,filter_vol,400
4,10,2017,yawgoo,2,int,1,phyco_rfu,
4,10,2017,yawgoo,2,int,2,phyco_rfu,
4,10,2017,yawgoo,2,int,1,filter_vol,400
4,10,2017,yawgoo,3,int,1,phyco_rfu,
4,10,2017,yawgoo,3,int,2,phyco_rfu,
4,10,2017,yawgoo,3,int,1,filter_vol,400
4,10,2017,yawgoo,4,int,1,phyco_rfu,
4,10,2017,yawgoo,4,int,2,phyco_rfu,
4,10,2017,yawgoo,4,int,1,filter_vol,400
4,10,2017,yawgoo,5,int,1,phyco_rfu,
4,10,2017,yawgoo,5,int,2,phyco_rfu,
4,10,2017,yawgoo,5,int,1,filter_vol,400
4,10,2017,yawgoo,6,int,1,phyco_rfu,
4,10,2017,yawgoo,6,int,2,phyco_rfu,
4,10,2017,yawgoo,6,int,1,filter_vol,400
4,10,2017,yawgoo,p,int,1,phyco_rfu,
4,10,2017,yawgoo,p,int,2,phyco_rfu,
4,10,2017,yawgoo,p,int,3,phyco_rfu,
4,10,2017,yawgoo,p,int,1,filter_vol,400
4,10,2017,warwick,blank,int,1,blank,
4,10,2017,warwick,blank,int,2,blank,
4,10,2017,warwick,1,int,1,phyco_rfu,
4,10,2017,warwick,1,int,2,phyco_rfu,
4,10,2017,warwick,1,int,1,filter_vol,200
4,10,2017,warwick,2,int,1,phyco_rfu,
4,10,2017,warwick,2,int,2,phyco_rfu,
4,10,2017,warwick,2,int,1,filter_vol,200
4,10,2017,warwick,3,int,1,phyco_rfu,
4,10,2017,warwick,3,int,2,phyco_rfu,
4,10,2017,warwick,3,int,1,filter_vol,200
4,10,2017,warwick,4,int,1,phyco_rfu,
4,10,2017,warwick,4,int,2,phyco_rfu,
4,10,2017,warwick,4,int,1,filter_vol,200
4,10,2017,warwick,5,int,1,phyco_rfu,
4,10,2017,warwick,5,int,2,phyco_rfu,
4,10,2017,warwick,5,int,1,filter_vol,200
4,10,2017,warwick,6,int,1,phyco_rfu,
4,10,2017,warwick,6,int,2,phyco_rfu,
4,10,2017,warwick,6,int,1,filter_vol,200
4,10,2017,warwick,p,int,1,phyco_rfu,
4,10,2017,warwick,p,int,2,phyco_rfu,
4,10,2017,warwick,p,int,3,phyco_rfu,
4,10,2017,warwick,p,int,1,filter_vol,200
10,10,2017,yawgoo,blank,int,1,blank,
10,10,2017,yawgoo,blank,int,2,blank,
10,10,2017,yawgoo,1,int,1,phyco_rfu,
10,10,2017,yawgoo,1,int,2,phyco_rfu,
10,10,2017,yawgoo,1,int,1,filter_vol,400
10,10,2017,yawgoo,2,int,1,phyco_rfu,
10,10,2017,yawgoo,2,int,2,phyco_rfu,
10,10,2017,yawgoo,2,int,1,filter_vol,400
10,10,2017,yawgoo,3,int,1,phyco_rfu,
10,10,2017,yawgoo,3,int,2,phyco_rfu,
10,10,2017,yawgoo,3,int,1,filter_vol,400
10,10,2017,yawgoo,4,int,1,phyco_rfu,
10,10,2017,yawgoo,4,int,2,phyco_rfu,
10,10,2017,yawgoo,4,int,1,filter_vol,400
10,10,2017,yawgoo,5,int,1,phyco_rfu,
10,10,2017,yawgoo,5,int,2,phyco_rfu,
10,10,2017,yawgoo,5,int,1,filter_vol,400
10,10,2017,yawgoo,6,int,1,phyco_rfu,
10,10,2017,yawgoo,6,int,2,phyco_rfu,
10,10,2017,yawgoo,6,int,1,filter_vol,400
10,10,2017,yawgoo,p,int,1,phyco_rfu,
10,10,2017,yawgoo,p,int,2,phyco_rfu,
10,10,2017,yawgoo,p,int,3,phyco_rfu,
10,10,2017,yawgoo,p,int,1,filter_vol,400
10,10,2017,warwick,blank,int,1,blank,
10,10,2017,warwick,blank,int,2,blank,
10,10,2017,warwick,1,int,1,phyco_rfu,
10,10,2017,warwick,1,int,2,phyco_rfu,
10,10,2017,warwick,1,int,1,filter_vol,200
10,10,2017,warwick,2,int,1,phyco_rfu,
10,10,2017,warwick,2,int,2,phyco_rfu,
10,10,2017,warwick,2,int,1,filter_vol,200
10,10,2017,warwick,3,int,1,phyco_rfu,
10,10,2017,warwick,3,int,2,phyco_rfu,
10,10,2017,warwick,3,int,1,filter_vol,200
10,10,2017,warwick,4,int,1,phyco_rfu,
10,10,2017,warwick,4,int,2,phyco_rfu,
10,10,2017,warwick,4,int,1,filter_vol,200
10,10,2017,warwick,5,int,1,phyco_rfu,
10,10,2017,warwick,5,int,2,phyco_rfu,
10,10,2017,warwick,5,int,1,filter_vol,200
10,10,2017,warwick,6,int,1,phyco_rfu,
10,10,2017,warwick,6,int,2,phyco_rfu,
10,10,2017,warwick,6,int,1,filter_vol,200
10,10,2017,warwick,p,int,1,phyco_rfu,
10,10,2017,warwick,p,int,2,phyco_rfu,
10,10,2017,warwick,p,int,3,phyco_rfu,
10,10,2017,warwick,p,int,1,filter_vol,200
12,10,2017,yawgoo,blank,int,1,blank,
12,10,2017,yawgoo,blank,int,2,blank,
12,10,2017,yawgoo,1,int,1,phyco_rfu,
12,10,2017,yawgoo,1,int,2,phyco_rfu,
12,10,2017,yawgoo,1,int,1,filter_vol,400
12,10,2017,yawgoo,2,int,1,phyco_rfu,
12,10,2017,yawgoo,2,int,2,phyco_rfu,
12,10,2017,yawgoo,2,int,1,filter_vol,300
12,10,2017,yawgoo,3,int,1,phyco_rfu,
12,10,2017,yawgoo,3,int,2,phyco_rfu,
12,10,2017,yawgoo,3,int,1,filter_vol,400
12,10,2017,yawgoo,4,int,1,phyco_rfu,
12,10,2017,yawgoo,4,int,2,phyco_rfu,
12,10,2017,yawgoo,4,int,1,filter_vol,400
12,10,2017,yawgoo,5,int,1,phyco_rfu,
12,10,2017,yawgoo,5,int,2,phyco_rfu,
12,10,2017,yawgoo,5,int,1,filter_vol,400
12,10,2017,yawgoo,6,int,1,phyco_rfu,
12,10,2017,yawgoo,6,int,2,phyco_rfu,
12,10,2017,yawgoo,6,int,1,filter_vol,400
12,10,2017,yawgoo,p,int,1,phyco_rfu,
12,10,2017,yawgoo,p,int,2,phyco_rfu,
12,10,2017,yawgoo,p,int,3,phyco_rfu,
12,10,2017,yawgoo,p,int,1,filter_vol,400
12,10,2017,warwick,blank,int,1,blank,
12,10,2017,warwick,blank,int,2,blank,
12,10,2017,warwick,1,int,1,phyco_rfu,
12,10,2017,warwick,1,int,2,phyco_rfu,
12,10,2017,warwick,1,int,1,filter_vol,200
12,10,2017,warwick,2,int,1,phyco_rfu,
12,10,2017,warwick,2,int,2,phyco_rfu,
12,10,2017,warwick,2,int,1,filter_vol,200
12,10,2017,warwick,3,int,1,phyco_rfu,
12,10,2017,warwick,3,int,2,phyco_rfu,
12,10,2017,warwick,3,int,1,filter_vol,200
12,10,2017,warwick,4,int,1,phyco_rfu,
12,10,2017,warwick,4,int,2,phyco_rfu,
12,10,2017,warwick,4,int,1,filter_vol,200
12,10,2017,warwick,5,int,1,phyco_rfu,
12,10,2017,warwick,5,int,2,phyco_rfu,
12,10,2017,warwick,5,int,1,filter_vol,200
12,10,2017,warwick,6,int,1,phyco_rfu,
12,10,2017,warwick,6,int,2,phyco_rfu,
12,10,2017,warwick,6,int,1,filter_vol,200
12,10,2017,warwick,p,int,1,phyco_rfu,
12,10,2017,warwick,p,int,2,phyco_rfu,
12,10,2017,warwick,p,int,3,phyco_rfu,
12,10,2017,warwick,p,int,1,filter_vol,200
16,10,2017,yawgoo,blank,int,1,blank,
16,10,2017,yawgoo,blank,int,2,blank,
16,10,2017,yawgoo,1,int,1,phyco_rfu,
16,10,2017,yawgoo,1,int,2,phyco_rfu,
16,10,2017,yawgoo,1,int,1,filter_vol,400
16,10,2017,yawgoo,2,int,1,phyco_rfu,
16,10,2017,yawgoo,2,int,2,phyco_rfu,
16,10,2017,yawgoo,2,int,1,filter_vol,400
16,10,2017,yawgoo,3,int,1,phyco_rfu,
16,10,2017,yawgoo,3,int,2,phyco_rfu,
16,10,2017,yawgoo,3,int,1,filter_vol,400
16,10,2017,yawgoo,4,int,1,phyco_rfu,
16,10,2017,yawgoo,4,int,2,phyco_rfu,
16,10,2017,yawgoo,4,int,1,filter_vol,400
16,10,2017,yawgoo,5,int,1,phyco_rfu,
16,10,2017,yawgoo,5,int,2,phyco_rfu,
16,10,2017,yawgoo,5,int,1,filter_vol,400
16,10,2017,yawgoo,6,int,1,phyco_rfu,
16,10,2017,yawgoo,6,int,2,phyco_rfu,
16,10,2017,yawgoo,6,int,1,filter_vol,400
16,10,2017,yawgoo,p,int,1,phyco_rfu,
16,10,2017,yawgoo,p,int,2,phyco_rfu,
16,10,2017,yawgoo,p,int,3,phyco_rfu,
16,10,2017,yawgoo,p,int,1,filter_vol,400
16,10,2017,warwick,blank,int,1,blank,
16,10,2017,warwick,blank,int,2,blank,
16,10,2017,warwick,1,int,1,phyco_rfu,
16,10,2017,warwick,1,int,2,phyco_rfu,
16,10,2017,warwick,1,int,1,filter_vol,200
16,10,2017,warwick,2,int,1,phyco_rfu,
16,10,2017,warwick,2,int,2,phyco_rfu,
16,10,2017,warwick,2,int,1,filter_vol,200
16,10,2017,warwick,3,int,1,phyco_rfu,
16,10,2017,warwick,3,int,2,phyco_rfu,
16,10,2017,warwick,3,int,1,filter_vol,200
16,10,2017,warwick,4,int,1,phyco_rfu,
16,10,2017,warwick,4,int,2,phyco_rfu,
16,10,2017,warwick,4,int,1,filter_vol,200
16,10,2017,warwick,5,int,1,phyco_rfu,
16,10,2017,warwick,5,int,2,phyco_rfu,
16,10,2017,warwick,5,int,1,filter_vol,200
16,10,2017,warwick,6,int,1,phyco_rfu,
16,10,2017,warwick,6,int,2,phyco_rfu,
16,10,2017,warwick,6,int,1,filter_vol,200
16,10,2017,warwick,p,int,1,phyco_rfu,
16,10,2017,warwick,p,int,2,phyco_rfu,
16,10,2017,warwick,p,int,3,phyco_rfu,
16,10,2017,warwick,p,int,1,filter_vol,200
1,11,2017,yawgoo,blank,int,1,blank,
1,11,2017,yawgoo,blank,int,2,blank,
1,11,2017,yawgoo,1,int,1,phyco_rfu,
1,11,2017,yawgoo,1,int,2,phyco_rfu,
1,11,2017,yawgoo,1,int,1,filter_vol,400
1,11,2017,yawgoo,2,int,1,phyco_rfu,
1,11,2017,yawgoo,2,int,2,phyco_rfu,
1,11,2017,yawgoo,2,int,1,filter_vol,400
1,11,2017,yawgoo,3,int,1,phyco_rfu,
1,11,2017,yawgoo,3,int,2,phyco_rfu,
1,11,2017,yawgoo,3,int,1,filter_vol,400
1,11,2017,yawgoo,4,int,1,phyco_rfu,
1,11,2017,yawgoo,4,int,2,phyco_rfu,
1,11,2017,yawgoo,4,int,1,filter_vol,400
1,11,2017,yawgoo,5,int,1,phyco_rfu,
1,11,2017,yawgoo,5,int,2,phyco_rfu,
1,11,2017,yawgoo,5,int,1,filter_vol,400
1,11,2017,yawgoo,6,int,1,phyco_rfu,
1,11,2017,yawgoo,6,int,2,phyco_rfu,
1,11,2017,yawgoo,6,int,1,filter_vol,400
1,11,2017,yawgoo,p,int,1,phyco_rfu,
1,11,2017,yawgoo,p,int,2,phyco_rfu,
1,11,2017,yawgoo,p,int,3,phyco_rfu,
1,11,2017,yawgoo,p,int,1,filter_vol,400
1,11,2017,warwick,blank,int,1,blank,
1,11,2017,warwick,blank,int,2,blank,
1,11,2017,warwick,1,int,1,phyco_rfu,
1,11,2017,warwick,1,int,2,phyco_rfu,
1,11,2017,warwick,1,int,1,filter_vol,200
1,11,2017,warwick,2,int,1,phyco_rfu,
1,11,2017,warwick,2,int,2,phyco_rfu,
1,11,2017,warwick,2,int,1,filter_vol,200
1,11,2017,warwick,3,int,1,phyco_rfu,
1,11,2017,warwick,3,int,2,phyco_rfu,
1,11,2017,warwick,3,int,1,filter_vol,200
1,11,2017,warwick,4,int,1,phyco_rfu,
1,11,2017,warwick,4,int,2,phyco_rfu,
1,11,2017,warwick,4,int,1,filter_vol,200
1,11,2017,warwick,5,int,1,phyco_rfu,
1,11,2017,warwick,5,int,2,phyco_rfu,
1,11,2017,warwick,5,int,1,filter_vol,200
1,11,2017,warwick,6,int,1,phyco_rfu,
1,11,2017,warwick,6,int,2,phyco_rfu,
1,11,2017,warwick,6,int,1,filter_vol,200
1,11,2017,warwick,p,int,1,phyco_rfu,
1,11,2017,warwick,p,int,2,phyco_rfu,
1,11,2017,warwick,p,int,3,phyco_rfu,
1,11,2017,warwick,p,int,1,filter_vol,200
14,6,2018,yawgoo,blank,int,1,blank,
14,6,2018,yawgoo,blank,int,2,blank,
14,6,2018,yawgoo,1,int,1,phyco_rfu,
14,6,2018,yawgoo,1,int,2,phyco_rfu,
14,6,2018,yawgoo,1,int,1,filter_vol,400
14,6,2018,yawgoo,2,int,1,phyco_rfu,
14,6,2018,yawgoo,2,int,2,phyco_rfu,
14,6,2018,yawgoo,2,int,1,filter_vol,400
14,6,2018,yawgoo,3,int,1,phyco_rfu,
14,6,2018,yawgoo,3,int,2,phyco_rfu,
14,6,2018,yawgoo,3,int,1,filter_vol,400
14,6,2018,yawgoo,4,int,1,phyco_rfu,
14,6,2018,yawgoo,4,int,2,phyco_rfu,
14,6,2018,yawgoo,4,int,1,filter_vol,400
14,6,2018,yawgoo,5,int,1,phyco_rfu,
14,6,2018,yawgoo,5,int,2,phyco_rfu,
14,6,2018,yawgoo,5,int,1,filter_vol,400
14,6,2018,yawgoo,6,int,1,phyco_rfu,
14,6,2018,yawgoo,6,int,2,phyco_rfu,
14,6,2018,yawgoo,6,int,1,filter_vol,400
14,6,2018,yawgoo,p,int,1,phyco_rfu,
14,6,2018,yawgoo,p,int,2,phyco_rfu,
14,6,2018,yawgoo,p,int,3,phyco_rfu,
14,6,2018,yawgoo,p,int,1,filter_vol,400
12,6,2018,warwick,blank,int,1,blank,
12,6,2018,warwick,blank,int,2,blank,
12,6,2018,warwick,1,int,1,phyco_rfu,
12,6,2018,warwick,1,int,2,phyco_rfu,
12,6,2018,warwick,1,int,1,filter_vol,200
12,6,2018,warwick,2,int,1,phyco_rfu,
12,6,2018,warwick,2,int,2,phyco_rfu,
12,6,2018,warwick,2,int,1,filter_vol,200
12,6,2018,warwick,3,int,1,phyco_rfu,
12,6,2018,warwick,3,int,2,phyco_rfu,
12,6,2018,warwick,3,int,1,filter_vol,200
12,6,2018,warwick,4,int,1,phyco_rfu,
12,6,2018,warwick,4,int,2,phyco_rfu,
12,6,2018,warwick,4,int,1,filter_vol,200
12,6,2018,warwick,5,int,1,phyco_rfu,
12,6,2018,warwick,5,int,2,phyco_rfu,
12,6,2018,warwick,5,int,1,filter_vol,200
12,6,2018,warwick,6,int,1,phyco_rfu,
12,6,2018,warwick,6,int,2,phyco_rfu,
12,6,2018,warwick,6,int,1,filter_vol,200
12,6,2018,warwick,p,int,1,phyco_rfu,
12,6,2018,warwick,p,int,2,phyco_rfu,
12,6,2018,warwick,p,int,3,phyco_rfu,
12,6,2018,warwick,p,int,1,filter_vol,200
11,6,2018,mashapaug,blank,int,1,blank,
11,6,2018,mashapaug,blank,int,2,blank,
11,6,2018,mashapaug,1,int,1,phyco_rfu,
11,6,2018,mashapaug,1,int,2,phyco_rfu,
11,6,2018,mashapaug,1,int,1,filter_vol,200
11,6,2018,mashapaug,2,int,1,phyco_rfu,
11,6,2018,mashapaug,2,int,2,phyco_rfu,
11,6,2018,mashapaug,2,int,1,filter_vol,200
11,6,2018,mashapaug,3,int,1,phyco_rfu,
11,6,2018,mashapaug,3,int,2,phyco_rfu,
11,6,2018,mashapaug,3,int,1,filter_vol,200
11,6,2018,mashapaug,4,int,1,phyco_rfu,
11,6,2018,mashapaug,4,int,2,phyco_rfu,
11,6,2018,mashapaug,4,int,1,filter_vol,200
11,6,2018,mashapaug,5,int,1,phyco_rfu,
11,6,2018,mashapaug,5,int,2,phyco_rfu,
11,6,2018,mashapaug,5,int,1,filter_vol,200
11,6,2018,mashapaug,6,int,1,phyco_rfu,
11,6,2018,mashapaug,6,int,2,phyco_rfu,
11,6,2018,mashapaug,6,int,1,filter_vol,200
11,6,2018,mashapaug,p,int,1,phyco_rfu,
11,6,2018,mashapaug,p,int,2,phyco_rfu,
11,6,2018,mashapaug,p,int,3,phyco_rfu,
11,6,2018,mashapaug,p,int,1,filter_vol,200
20,6,2018,yawgoo,blank,int,1,blank,
20,6,2018,yawgoo,blank,int,2,blank,
20,6,2018,yawgoo,1,int,1,phyco_rfu,
20,6,2018,yawgoo,1,int,2,phyco_rfu,
20,6,2018,yawgoo,1,int,1,filter_vol,400
20,6,2018,yawgoo,2,int,1,phyco_rfu,
20,6,2018,yawgoo,2,int,2,phyco_rfu,
20,6,2018,yawgoo,2,int,1,filter_vol,400
20,6,2018,yawgoo,3,int,1,phyco_rfu,
20,6,2018,yawgoo,3,int,2,phyco_rfu,
20,6,2018,yawgoo,3,int,1,filter_vol,400
20,6,2018,yawgoo,4,int,1,phyco_rfu,
20,6,2018,yawgoo,4,int,2,phyco_rfu,
20,6,2018,yawgoo,4,int,1,filter_vol,400
20,6,2018,yawgoo,5,int,1,phyco_rfu,
20,6,2018,yawgoo,5,int,2,phyco_rfu,
20,6,2018,yawgoo,5,int,1,filter_vol,400
20,6,2018,yawgoo,6,int,1,phyco_rfu,
20,6,2018,yawgoo,6,int,2,phyco_rfu,
20,6,2018,yawgoo,6,int,1,filter_vol,400
20,6,2018,yawgoo,p,int,1,phyco_rfu,
20,6,2018,yawgoo,p,int,2,phyco_rfu,
20,6,2018,yawgoo,p,int,3,phyco_rfu,
20,6,2018,yawgoo,p,int,1,filter_vol,400
18,6,2018,warwick,blank,int,1,blank,
18,6,2018,warwick,blank,int,2,blank,
18,6,2018,warwick,1,int,1,phyco_rfu,
18,6,2018,warwick,1,int,2,phyco_rfu,
18,6,2018,warwick,1,int,1,filter_vol,200
18,6,2018,warwick,2,int,1,phyco_rfu,
18,6,2018,warwick,2,int,2,phyco_rfu,
18,6,2018,warwick,2,int,1,filter_vol,200
18,6,2018,warwick,3,int,1,phyco_rfu,
18,6,2018,warwick,3,int,2,phyco_rfu,
18,6,2018,warwick,3,int,1,filter_vol,200
18,6,2018,warwick,4,int,1,phyco_rfu,
18,6,2018,warwick,4,int,2,phyco_rfu,
18,6,2018,warwick,4,int,1,filter_vol,200
18,6,2018,warwick,5,int,1,phyco_rfu,
18,6,2018,warwick,5,int,2,phyco_rfu,
18,6,2018,warwick,5,int,1,filter_vol,200
18,6,2018,warwick,6,int,1,phyco_rfu,
18,6,2018,warwick,6,int,2,phyco_rfu,
18,6,2018,warwick,6,int,1,filter_vol,200
18,6,2018,warwick,p,int,1,phyco_rfu,
18,6,2018,warwick,p,int,2,phyco_rfu,
18,6,2018,warwick,p,int,3,phyco_rfu,
18,6,2018,warwick,p,int,1,filter_vol,200
18,6,2018,mashapaug,blank,int,1,blank,
18,6,2018,mashapaug,blank,int,2,blank,
18,6,2018,mashapaug,1,int,1,phyco_rfu,
18,6,2018,mashapaug,1,int,2,phyco_rfu,
18,6,2018,mashapaug,1,int,1,filter_vol,200
18,6,2018,mashapaug,2,int,1,phyco_rfu,
18,6,2018,mashapaug,2,int,2,phyco_rfu,
18,6,2018,mashapaug,2,int,1,filter_vol,200
18,6,2018,mashapaug,3,int,1,phyco_rfu,
18,6,2018,mashapaug,3,int,2,phyco_rfu,
18,6,2018,mashapaug,3,int,1,filter_vol,200
18,6,2018,mashapaug,4,int,1,phyco_rfu,
18,6,2018,mashapaug,4,int,2,phyco_rfu,
18,6,2018,mashapaug,4,int,1,filter_vol,200
18,6,2018,mashapaug,5,int,1,phyco_rfu,
18,6,2018,mashapaug,5,int,2,phyco_rfu,
18,6,2018,mashapaug,5,int,1,filter_vol,200
18,6,2018,mashapaug,6,int,1,phyco_rfu,
18,6,2018,mashapaug,6,int,2,phyco_rfu,
18,6,2018,mashapaug,6,int,1,filter_vol,200
18,6,2018,mashapaug,p,int,1,phyco_rfu,
18,6,2018,mashapaug,p,int,2,phyco_rfu,
18,6,2018,mashapaug,p,int,3,phyco_rfu,
18,6,2018,mashapaug,p,int,1,filter_vol,200
29,6,2018,yawgoo,blank,int,1,blank,
29,6,2018,yawgoo,blank,int,2,blank,
29,6,2018,yawgoo,1,int,1,phyco_rfu,
29,6,2018,yawgoo,1,int,2,phyco_rfu,
29,6,2018,yawgoo,1,int,1,filter_vol,400
29,6,2018,yawgoo,2,int,1,phyco_rfu,
29,6,2018,yawgoo,2,int,2,phyco_rfu,
29,6,2018,yawgoo,2,int,1,filter_vol,400
29,6,2018,yawgoo,3,int,1,phyco_rfu,
29,6,2018,yawgoo,3,int,2,phyco_rfu,
29,6,2018,yawgoo,3,int,1,filter_vol,400
29,6,2018,yawgoo,4,int,1,phyco_rfu,
29,6,2018,yawgoo,4,int,2,phyco_rfu,
29,6,2018,yawgoo,4,int,1,filter_vol,400
29,6,2018,yawgoo,5,int,1,phyco_rfu,
29,6,2018,yawgoo,5,int,2,phyco_rfu,
29,6,2018,yawgoo,5,int,1,filter_vol,400
29,6,2018,yawgoo,6,int,1,phyco_rfu,
29,6,2018,yawgoo,6,int,2,phyco_rfu,
29,6,2018,yawgoo,6,int,1,filter_vol,400
29,6,2018,yawgoo,p,int,1,phyco_rfu,
29,6,2018,yawgoo,p,int,2,phyco_rfu,
29,6,2018,yawgoo,p,int,3,phyco_rfu,
29,6,2018,yawgoo,p,int,1,filter_vol,400
29,6,2018,yawgoo,p5,int,1,phyco_rfu,
29,6,2018,yawgoo,p5,int,2,phyco_rfu,
29,6,2018,yawgoo,p6,int,1,filter_vol,300
25,6,2018,warwick,blank,int,1,blank,
25,6,2018,warwick,blank,int,2,blank,
25,6,2018,warwick,1,int,1,phyco_rfu,
25,6,2018,warwick,1,int,2,phyco_rfu,
25,6,2018,warwick,1,int,1,filter_vol,200
25,6,2018,warwick,2,int,1,phyco_rfu,
25,6,2018,warwick,2,int,2,phyco_rfu,
25,6,2018,warwick,2,int,1,filter_vol,200
25,6,2018,warwick,3,int,1,phyco_rfu,
25,6,2018,warwick,3,int,2,phyco_rfu,
25,6,2018,warwick,3,int,1,filter_vol,200
25,6,2018,warwick,4,int,1,phyco_rfu,
25,6,2018,warwick,4,int,2,phyco_rfu,
25,6,2018,warwick,4,int,1,filter_vol,200
25,6,2018,warwick,5,int,1,phyco_rfu,
25,6,2018,warwick,5,int,2,phyco_rfu,
25,6,2018,warwick,5,int,1,filter_vol,200
25,6,2018,warwick,6,int,1,phyco_rfu,
25,6,2018,warwick,6,int,2,phyco_rfu,
25,6,2018,warwick,6,int,1,filter_vol,200
25,6,2018,warwick,p,int,1,phyco_rfu,
25,6,2018,warwick,p,int,2,phyco_rfu,
25,6,2018,warwick,p,int,3,phyco_rfu,
25,6,2018,warwick,p,int,1,filter_vol,200
25,6,2018,mashapaug,blank,int,1,blank,
25,6,2018,mashapaug,blank,int,2,blank,
25,6,2018,mashapaug,1,int,1,phyco_rfu,
25,6,2018,mashapaug,1,int,2,phyco_rfu,
25,6,2018,mashapaug,1,int,1,filter_vol,200
25,6,2018,mashapaug,2,int,1,phyco_rfu,
25,6,2018,mashapaug,2,int,2,phyco_rfu,
25,6,2018,mashapaug,2,int,1,filter_vol,200
25,6,2018,mashapaug,3,int,1,phyco_rfu,
25,6,2018,mashapaug,3,int,2,phyco_rfu,
25,6,2018,mashapaug,3,int,1,filter_vol,200
25,6,2018,mashapaug,4,int,1,phyco_rfu,
25,6,2018,mashapaug,4,int,2,phyco_rfu,
25,6,2018,mashapaug,4,int,1,filter_vol,200
25,6,2018,mashapaug,5,int,1,phyco_rfu,
25,6,2018,mashapaug,5,int,2,phyco_rfu,
25,6,2018,mashapaug,5,int,1,filter_vol,200
25,6,2018,mashapaug,6,int,1,phyco_rfu,
25,6,2018,mashapaug,6,int,2,phyco_rfu,
25,6,2018,mashapaug,6,int,1,filter_vol,200
25,6,2018,mashapaug,p,int,1,phyco_rfu,
25,6,2018,mashapaug,p,int,2,phyco_rfu,
25,6,2018,mashapaug,p,int,3,phyco_rfu,
25,6,2018,mashapaug,p,int,1,filter_vol,200
5,7,2018,yawgoo,blank,int,1,blank,
5,7,2018,yawgoo,blank,int,2,blank,
5,7,2018,yawgoo,1,int,1,phyco_rfu,
5,7,2018,yawgoo,1,int,2,phyco_rfu,
5,7,2018,yawgoo,1,int,1,filter_vol,400
5,7,2018,yawgoo,2,int,1,phyco_rfu,
5,7,2018,yawgoo,2,int,2,phyco_rfu,
5,7,2018,yawgoo,2,int,1,filter_vol,400
5,7,2018,yawgoo,3,int,1,phyco_rfu,
5,7,2018,yawgoo,3,int,2,phyco_rfu,
5,7,2018,yawgoo,3,int,1,filter_vol,400
5,7,2018,yawgoo,4,int,1,phyco_rfu,
5,7,2018,yawgoo,4,int,2,phyco_rfu,
5,7,2018,yawgoo,4,int,1,filter_vol,400
5,7,2018,yawgoo,5,int,1,phyco_rfu,
5,7,2018,yawgoo,5,int,2,phyco_rfu,
5,7,2018,yawgoo,5,int,1,filter_vol,400
5,7,2018,yawgoo,6,int,1,phyco_rfu,
5,7,2018,yawgoo,6,int,2,phyco_rfu,
5,7,2018,yawgoo,6,int,1,filter_vol,400
5,7,2018,yawgoo,p,int,1,phyco_rfu,
5,7,2018,yawgoo,p,int,2,phyco_rfu,
5,7,2018,yawgoo,p,int,3,phyco_rfu,
5,7,2018,yawgoo,p,int,1,filter_vol,400
5,7,2018,yawgoo,p5,int,1,phyco_rfu,
5,7,2018,yawgoo,p5,int,2,phyco_rfu,
5,7,2018,yawgoo,p6,int,1,filter_vol,300
2,7,2018,warwick,blank,int,1,blank,
2,7,2018,warwick,blank,int,2,blank,
2,7,2018,warwick,1,int,1,phyco_rfu,
2,7,2018,warwick,1,int,2,phyco_rfu,
2,7,2018,warwick,1,int,1,filter_vol,200
2,7,2018,warwick,2,int,1,phyco_rfu,
2,7,2018,warwick,2,int,2,phyco_rfu,
2,7,2018,warwick,2,int,1,filter_vol,200
2,7,2018,warwick,3,int,1,phyco_rfu,
2,7,2018,warwick,3,int,2,phyco_rfu,
2,7,2018,warwick,3,int,1,filter_vol,200
2,7,2018,warwick,4,int,1,phyco_rfu,
2,7,2018,warwick,4,int,2,phyco_rfu,
2,7,2018,warwick,4,int,1,filter_vol,200
2,7,2018,warwick,5,int,1,phyco_rfu,
2,7,2018,warwick,5,int,2,phyco_rfu,
2,7,2018,warwick,5,int,1,filter_vol,200
2,7,2018,warwick,6,int,1,phyco_rfu,
2,7,2018,warwick,6,int,2,phyco_rfu,
2,7,2018,warwick,6,int,1,filter_vol,200
2,7,2018,warwick,p,int,1,phyco_rfu,
2,7,2018,warwick,p,int,2,phyco_rfu,
2,7,2018,warwick,p,int,3,phyco_rfu,
2,7,2018,warwick,p,int,1,filter_vol,200
2,7,2018,mashapaug,blank,int,1,blank,
2,7,2018,mashapaug,blank,int,2,blank,
2,7,2018,mashapaug,1,int,1,phyco_rfu,
2,7,2018,mashapaug,1,int,2,phyco_rfu,
2,7,2018,mashapaug,1,int,1,filter_vol,200
2,7,2018,mashapaug,2,int,1,phyco_rfu,
2,7,2018,mashapaug,2,int,2,phyco_rfu,
2,7,2018,mashapaug,2,int,1,filter_vol,200
2,7,2018,mashapaug,3,int,1,phyco_rfu,
2,7,2018,mashapaug,3,int,2,phyco_rfu,
2,7,2018,mashapaug,3,int,1,filter_vol,200
2,7,2018,mashapaug,4,int,1,phyco_rfu,
2,7,2018,mashapaug,4,int,2,phyco_rfu,
2,7,2018,mashapaug,4,int,1,filter_vol,200
2,7,2018,mashapaug,5,int,1,phyco_rfu,
2,7,2018,mashapaug,5,int,2,phyco_rfu,
2,7,2018,mashapaug,5,int,1,filter_vol,200
2,7,2018,mashapaug,6,int,1,phyco_rfu,
2,7,2018,mashapaug,6,int,2,phyco_rfu,
2,7,2018,mashapaug,6,int,1,filter_vol,200
2,7,2018,mashapaug,p,int,1,phyco_rfu,
2,7,2018,mashapaug,p,int,2,phyco_rfu,
2,7,2018,mashapaug,p,int,3,phyco_rfu,
2,7,2018,mashapaug,p,int,1,filter_vol,200
12,7,2018,yawgoo,blank,int,1,blank,468.83
12,7,2018,yawgoo,blank,int,2,blank,483.8
12,7,2018,yawgoo,1,int,1,phyco_rfu,475.95
12,7,2018,yawgoo,1,int,2,phyco_rfu,475.81
12,7,2018,yawgoo,1,int,1,filter_vol,300
12,7,2018,yawgoo,2,int,1,phyco_rfu,490.05
12,7,2018,yawgoo,2,int,2,phyco_rfu,508.07
12,7,2018,yawgoo,2,int,1,filter_vol,400
12,7,2018,yawgoo,3,int,1,phyco_rfu,469.4
12,7,2018,yawgoo,3,int,2,phyco_rfu,471.31
12,7,2018,yawgoo,3,int,1,filter_vol,400
12,7,2018,yawgoo,4,int,1,phyco_rfu,482.84
12,7,2018,yawgoo,4,int,2,phyco_rfu,499.92
12,7,2018,yawgoo,4,int,1,filter_vol,400
12,7,2018,yawgoo,5,int,1,phyco_rfu,475.15
12,7,2018,yawgoo,5,int,2,phyco_rfu,483.08
12,7,2018,yawgoo,5,int,1,filter_vol,400
12,7,2018,yawgoo,6,int,1,phyco_rfu,491.98
12,7,2018,yawgoo,6,int,2,phyco_rfu,502.8
12,7,2018,yawgoo,6,int,1,filter_vol,400
12,7,2018,yawgoo,p,int,1,phyco_rfu,485.39
12,7,2018,yawgoo,p,int,2,phyco_rfu,520.84
12,7,2018,yawgoo,p,int,3,phyco_rfu,476.6
12,7,2018,yawgoo,p,int,1,filter_vol,400
12,7,2018,yawgoo,p5,int,1,phyco_rfu,471.82
12,7,2018,yawgoo,p5,int,2,phyco_rfu,489.4
12,7,2018,yawgoo,p5,int,1,filter_vol,300
9,7,2018,warwick,blank,int,1,blank,475
9,7,2018,warwick,blank,int,2,blank,478.72
9,7,2018,warwick,1,int,1,phyco_rfu,486.64
9,7,2018,warwick,1,int,2,phyco_rfu,474.75
9,7,2018,warwick,1,int,1,filter_vol,200
9,7,2018,warwick,2,int,1,phyco_rfu,480.2
9,7,2018,warwick,2,int,2,phyco_rfu,470.3
9,7,2018,warwick,2,int,1,filter_vol,200
9,7,2018,warwick,3,int,1,phyco_rfu,483.79
9,7,2018,warwick,3,int,2,phyco_rfu,473.69
9,7,2018,warwick,3,int,1,filter_vol,200
9,7,2018,warwick,4,int,1,phyco_rfu,481.95
9,7,2018,warwick,4,int,2,phyco_rfu,470.45
9,7,2018,warwick,4,int,1,filter_vol,200
9,7,2018,warwick,5,int,1,phyco_rfu,493.69
9,7,2018,warwick,5,int,2,phyco_rfu,481.74
9,7,2018,warwick,5,int,1,filter_vol,200
9,7,2018,warwick,6,int,1,phyco_rfu,479.18
9,7,2018,warwick,6,int,2,phyco_rfu,473.29
9,7,2018,warwick,6,int,1,filter_vol,200
9,7,2018,warwick,p,int,1,phyco_rfu,468.46
9,7,2018,warwick,p,int,2,phyco_rfu,474.19
9,7,2018,warwick,p,int,3,phyco_rfu,475.29
9,7,2018,warwick,p,int,1,filter_vol,200
9,7,2018,warwick,p5,int,1,phyco_rfu,502.74
9,7,2018,warwick,p5,int,2,phyco_rfu,517.5
9,7,2018,warwick,p5,int,1,filter_vol,200
9,7,2018,mashapaug,blank,int,1,blank,475.2
9,7,2018,mashapaug,blank,int,2,blank,476.28
9,7,2018,mashapaug,1,int,1,phyco_rfu,583.68
9,7,2018,mashapaug,2,int,2,phyco_rfu,585.05
9,7,2018,mashapaug,1,int,1,filter_vol,200
9,7,2018,mashapaug,2,int,1,phyco_rfu,577.25
9,7,2018,mashapaug,2,int,2,phyco_rfu,576.97
9,7,2018,mashapaug,2,int,1,filter_vol,200
9,7,2018,mashapaug,3,int,1,phyco_rfu,597.76
9,7,2018,mashapaug,3,int,2,phyco_rfu,607.41
9,7,2018,mashapaug,3,int,1,filter_vol,200
9,7,2018,mashapaug,4,int,1,phyco_rfu,561.59
9,7,2018,mashapaug,4,int,2,phyco_rfu,589.32
9,7,2018,mashapaug,4,int,1,filter_vol,200
9,7,2018,mashapaug,5,int,1,phyco_rfu,563.21
9,7,2018,mashapaug,5,int,2,phyco_rfu,567.92
9,7,2018,mashapaug,5,int,1,filter_vol,200
9,7,2018,mashapaug,6,int,1,phyco_rfu,565.94
9,7,2018,mashapaug,6,int,2,phyco_rfu,557.83
9,7,2018,mashapaug,6,int,1,filter_vol,200
9,7,2018,mashapaug,p,int,1,phyco_rfu,557.61
9,7,2018,mashapaug,p,int,2,phyco_rfu,562.29
9,7,2018,mashapaug,p,int,3,phyco_rfu,556.7
9,7,2018,mashapaug,p,int,1,filter_vol,200
14,8,2018,yawgoo,blank,int,1,blank,468.22
14,8,2018,yawgoo,blank,int,2,blank,465.03
14,8,2018,yawgoo,1,int,1,phyco_rfu,494.36
14,8,2018,yawgoo,1,int,2,phyco_rfu,486.19
14,8,2018,yawgoo,1,int,1,filter_vol,400
14,8,2018,yawgoo,2,int,1,phyco_rfu,482.01
14,8,2018,yawgoo,2,int,2,phyco_rfu,475.05
14,8,2018,yawgoo,2,int,1,filter_vol,400
14,8,2018,yawgoo,3,int,1,phyco_rfu,483.94
14,8,2018,yawgoo,3,int,2,phyco_rfu,479
14,8,2018,yawgoo,3,int,1,filter_vol,400
14,8,2018,yawgoo,4,int,1,phyco_rfu,500.02
14,8,2018,yawgoo,4,int,2,phyco_rfu,486.87
14,8,2018,yawgoo,4,int,1,filter_vol,400
14,8,2018,yawgoo,5,int,1,phyco_rfu,501.13
14,8,2018,yawgoo,5,int,2,phyco_rfu,509.82
14,8,2018,yawgoo,5,int,1,filter_vol,400
14,8,2018,yawgoo,6,int,1,phyco_rfu,507.97
14,8,2018,yawgoo,6,int,2,phyco_rfu,506.41
14,8,2018,yawgoo,6,int,1,filter_vol,400
14,8,2018,yawgoo,p,int,1,phyco_rfu,514.93
14,8,2018,yawgoo,p,int,2,phyco_rfu,496.42
14,8,2018,yawgoo,p,int,3,phyco_rfu,480.81
14,8,2018,yawgoo,p,int,1,filter_vol,400
14,8,2018,yawgoo,p5,int,1,phyco_rfu,525.48
14,8,2018,yawgoo,p5,int,2,phyco_rfu,515.15
14,8,2018,yawgoo,p5,int,1,filter_vol,450
16,8,2018,warwick,blank,int,1,blank,457.87
16,8,2018,warwick,blank,int,2,blank,473.59
16,8,2018,warwick,1,int,1,phyco_rfu,472.25
16,8,2018,warwick,1,int,2,phyco_rfu,473.33
16,8,2018,warwick,1,int,1,filter_vol,130
16,8,2018,warwick,2,int,1,phyco_rfu,514.94
16,8,2018,warwick,2,int,2,phyco_rfu,500.82
16,8,2018,warwick,2,int,1,filter_vol,130
16,8,2018,warwick,3,int,1,phyco_rfu,478.48
16,8,2018,warwick,3,int,2,phyco_rfu,490.54
16,8,2018,warwick,3,int,1,filter_vol,130
16,8,2018,warwick,4,int,1,phyco_rfu,465.73
16,8,2018,warwick,4,int,2,phyco_rfu,467.68
16,8,2018,warwick,4,int,1,filter_vol,130
16,8,2018,warwick,5,int,1,phyco_rfu,469.41
16,8,2018,warwick,5,int,2,phyco_rfu,459.93
16,8,2018,warwick,5,int,1,filter_vol,130
16,8,2018,warwick,6,int,1,phyco_rfu,470.41
16,8,2018,warwick,6,int,2,phyco_rfu,478.75
16,8,2018,warwick,6,int,1,filter_vol,130
16,8,2018,warwick,p,int,1,phyco_rfu,458.45
16,8,2018,warwick,p,int,2,phyco_rfu,499.17
16,8,2018,warwick,p,int,3,phyco_rfu,465.77
16,8,2018,warwick,p,int,1,filter_vol,130
16,8,2018,warwick,p5,int,1,phyco_rfu,468.69
16,8,2018,warwick,p5,int,2,phyco_rfu,481.37
16,8,2018,warwick,p5,int,1,filter_vol,130
16,8,2018,mashapaug,blank,int,1,blank,459.36
16,8,2018,mashapaug,blank,int,2,blank,465.01
16,8,2018,mashapaug,1,int,1,phyco_rfu,680.54
16,8,2018,mashapaug,1,int,2,phyco_rfu,614.07
16,8,2018,mashapaug,1,int,1,filter_vol,50
16,8,2018,mashapaug,2,int,1,phyco_rfu,641.65
16,8,2018,mashapaug,2,int,2,phyco_rfu,618.37
16,8,2018,mashapaug,2,int,1,filter_vol,50
16,8,2018,mashapaug,3,int,1,phyco_rfu,696.23
16,8,2018,mashapaug,3,int,2,phyco_rfu,631.97
16,8,2018,mashapaug,3,int,1,filter_vol,50
16,8,2018,mashapaug,4,int,1,phyco_rfu,557.48
16,8,2018,mashapaug,4,int,2,phyco_rfu,543.17
16,8,2018,mashapaug,4,int,1,filter_vol,50
16,8,2018,mashapaug,5,int,1,phyco_rfu,543.48
16,8,2018,mashapaug,5,int,2,phyco_rfu,563.54
16,8,2018,mashapaug,5,int,1,filter_vol,50
16,8,2018,mashapaug,6,int,1,phyco_rfu,685.91
16,8,2018,mashapaug,6,int,2,phyco_rfu,577.05
16,8,2018,mashapaug,6,int,1,filter_vol,50
16,8,2018,mashapaug,p,int,1,phyco_rfu,595.03
16,8,2018,mashapaug,p,int,2,phyco_rfu,596.8
16,8,2018,mashapaug,p,int,3,phyco_rfu,599.97
16,8,2018,mashapaug,p,int,1,filter_vol,50
