day,month,year,waterbody,mesh,variable,value,class,
12,6,2017,yawgoo,150,dilution,150,na ,
12,6,2017,yawgoo,150,aliquots,6,na ,
12,6,2017,yawgoo,150,calanoid,247,copepod,
12,6,2017,yawgoo,150,cyclopoid,46,copepod,
12,6,2017,yawgoo,150,harpactacoid,1,copepod,
12,6,2017,yawgoo,150,daphnia,40,cladocera,
12,6,2017,yawgoo,150,pleuroxas,1,cladocera,
12,6,2017,yawgoo,150,bosmina,1,cladocera,
12,6,2017,yawgoo,150,polyphemus,1,cladocera,
12,6,2017,warwick,150,dilution,150,na ,
12,6,2017,warwick,150,aliquots,3,na ,
12,6,2017,warwick,150,calanoid,2,copepod,
12,6,2017,warwick,150,cyclopoid,147,copepod,
12,6,2017,warwick,150,harpactacoid,4,copepod,
12,6,2017,warwick,150,bosmina,59,cladocera,
12,6,2017,warwick,150,daphnia,212,cladocera,
8,6,2017,yawgoo,150,dilution,150,na ,
8,6,2017,yawgoo,150,aliquots,5,na ,
8,6,2017,yawgoo,150,calanoid,210,copepod,
8,6,2017,yawgoo,150,cyclopoid,35,copepod,
8,6,2017,yawgoo,150,daphnia,70,cladocera,
8,6,2017,yawgoo,150,diaphanosoma,1,cladocera,
8,6,2017,yawgoo,150,alona,1,cladocera,
8,6,2017,yawgoo,150,bosmina,1,cladocera,
8,6,2017,warwick,150,dilution,150,na ,
8,6,2017,warwick,150,aliquots,3,na ,
8,6,2017,warwick,150,cyclopoid,136,copepod,
8,6,2017,warwick,150,harpactacoid,1,copepod,
8,6,2017,warwick,150,bosmina,320,cladocera,
8,6,2017,warwick,150,daphnia,198,cladocera,
22,6,2017,warwick,150,dilution,100,na ,
22,6,2017,warwick,150,aliquots,6,na ,
22,6,2017,warwick,150,cyclopoid,240,copepod,
22,6,2017,warwick,150,bosmina,62,cladocera,
22,6,2017,warwick,150,daphnia,3,cladocera,
22,6,2017,warwick,150,eubosmina,4,cladocera,
22,6,2017,warwick,150,chydorus,1,cladocera,
22,6,2017,yawgoo,150,dilution,150,na ,
22,6,2017,yawgoo,150,aliquots,4,na ,
22,6,2017,yawgoo,150,calanoid,209,copepod,
22,6,2017,yawgoo,150,cyclopoid,58,copepod,
22,6,2017,yawgoo,150,daphnia,152,cladocera,
22,6,2017,yawgoo,150,ceriodaphnia,2,cladocera,
22,6,2017,yawgoo,150,bosmina,1,cladocera,
28,6,2017,yawgoo,150,dilution,150,na ,
28,6,2017,yawgoo,150,aliquots,3,na ,
28,6,2017,yawgoo,150,calanoid,141,copepod,
28,6,2017,yawgoo,150,cyclopoid,54,copepod,
28,6,2017,yawgoo,150,daphnia,212,cladocera,
28,6,2017,yawgoo,150,bosmina,1,cladocera,
28,6,2017,warwick,150,dilution,50,na ,
28,6,2017,warwick,150,aliquots,11,na ,
28,6,2017,warwick,150,calanoid,4,copepod,
28,6,2017,warwick,150,cyclopoid,205,copepod,
28,6,2017,warwick,150,eubosmina,1,cladocera,
28,6,2017,warwick,150,bosmina,17,cladocera,
28,6,2017,warwick,150,daphnia,1,cladocera,
8,6,2017,yawgoo,50,dilution,150,na ,
8,6,2017,yawgoo,50,aliquots,4,na ,
8,6,2017,yawgoo,50,calanoid,196,copepod,
8,6,2017,yawgoo,50,cyclopoid,26,copepod,
8,6,2017,yawgoo,50,nauplii,85,nauplii,
8,6,2017,yawgoo,50,rotifer,140,rotifer,
8,6,2017,yawgoo,50,daphnia,85,cladocera,
8,6,2017,yawgoo,50,diaphanosoma,4,cladocera,
8,6,2017,yawgoo,50,bosmina,2,cladocera,
8,6,2017,yawgoo,50,eubosmina,1,cladocera,
8,6,2017,yawgoo,50,polyphemus,1,cladocera,
8,6,2017,yawgoo,50,alona,1,cladocera,
8,6,2017,warwick,50,dilution,200,na ,
8,6,2017,warwick,50,aliquots,4,na ,
8,6,2017,warwick,50,calanoid,1,copepod,
8,6,2017,warwick,50,cyclopoid,169,copepod,
8,6,2017,warwick,50,nauplii,100,nauplii,
8,6,2017,warwick,50,rotifer,294,rotifer,
8,6,2017,warwick,50,bosmina,234,cladocera,
8,6,2017,warwick,50,daphnia,120,cladocera,
8,6,2017,warwick,50,ceriodaphnia,1,cladocera,
12,6,2017,yawgoo,50,dilution,200,na ,
12,6,2017,yawgoo,50,aliquots,9,na ,
12,6,2017,yawgoo,50,calanoid,231,copepod,
12,6,2017,yawgoo,50,cyclopoid,64,copepod,
12,6,2017,yawgoo,50,nauplii,182,nauplii,
12,6,2017,yawgoo,50,rotifer,293,rotifer,
12,6,2017,yawgoo,50,daphnia,60,cladocera,
12,6,2017,yawgoo,50,bosmina,4,cladocera,
12,6,2017,yawgoo,50,diaphanosoma,1,cladocera,
12,6,2017,warwick,50,dilution,200,na ,
12,6,2017,warwick,50,aliquots,4,na ,
12,6,2017,warwick,50,calanoid,1,copepod,
12,6,2017,warwick,50,cyclopoid,155,copepod,
12,6,2017,warwick,50,nauplii,168,nauplii,
12,6,2017,warwick,50,rotifer,555,rotifer,
12,6,2017,warwick,50,bosmina,92,cladocera,
12,6,2017,warwick,50,daphnia,236,cladocera,
12,6,2017,warwick,50,ceriodaphnia,10,cladocera,
22,6,2017,yawgoo,50,dilution,150,na ,
22,6,2017,yawgoo,50,aliquots,7,na ,
22,6,2017,yawgoo,50,calanoid,199,copepod,
22,6,2017,yawgoo,50,cyclopoid,48,copepod,
22,6,2017,yawgoo,50,nauplii,394,nauplii,
22,6,2017,yawgoo,50,rotifer,409,rotifer,
22,6,2017,yawgoo,50,daphnia,119,cladocera,
22,6,2017,yawgoo,50,eubosmina,1,cladocera,
22,6,2017,yawgoo,50,moina,3,cladocera,
22,6,2017,yawgoo,50,bosmina,1,cladocera,
22,6,2017,warwick,50,dilution,150,na ,
22,6,2017,warwick,50,aliquots,7,na ,
22,6,2017,warwick,50,cyclopoid,101,copepod,
22,6,2017,warwick,50,nauplii,466,nauplii,
22,6,2017,warwick,50,rotifer,1991,rotifer,
22,6,2017,warwick,50,bosmina,96,cladocera,
22,6,2017,warwick,50,daphnia,6,cladocera,
22,6,2017,warwick,50,eubosmina,1,cladocera,
22,6,2017,warwick,50,chydorus,1,cladocera,
28,6,2017,yawgoo,50,dilution,150,na ,
28,6,2017,yawgoo,50,aliquots,10,na ,
28,6,2017,yawgoo,50,calanoid,178,copepod,
28,6,2017,yawgoo,50,cyclopoid,94,copepod,
28,6,2017,yawgoo,50,nauplii,543,nauplii,
28,6,2017,yawgoo,50,rotifer,309,rotifer,
28,6,2017,yawgoo,50,daphnia,203,cladocera,
28,6,2017,yawgoo,50,eubosmina,1,cladocera,
28,6,2017,yawgoo,50,bosmina,1,cladocera,
28,6,2017,yawgoo,50,moina,1,cladocera,
28,6,2017,warwick,50,dilution,75,na ,
28,6,2017,warwick,50,aliquots,10,na ,
28,6,2017,warwick,50,cyclopoid,91,copepod,
28,6,2017,warwick,50,nauplii,301,nauplii,
28,6,2017,warwick,50,rotifer,2314,rotifer,
28,6,2017,warwick,50,bosmina,22,cladocera,
5,7,2017,warwick,50,dilution,75,na ,
5,7,2017,warwick,50,aliquots,5,na ,
5,7,2017,warwick,50,cyclopoid,32,copepod,
5,7,2017,warwick,50,nauplii,267,nauplii,
5,7,2017,warwick,50,rotifer,7243,rotifer,
5,7,2017,warwick,50,bosmina,5,cladocera,
5,7,2017,warwick,50,daphnia,2,cladocera,
10,7,2017,warwick,50,dilution,75,na ,
10,7,2017,warwick,50,aliquots,5,na ,
10,7,2017,warwick,50,calanoid,1,copepod,
10,7,2017,warwick,50,cyclopoid,8,copepod,
10,7,2017,warwick,50,nauplii,200,nauplii,
10,7,2017,warwick,50,rotifer,5929,rotifer,
10,7,2017,warwick,50,diaphanosoma,1,cladocera,
10,7,2017,warwick,50,bosmina,1,cladocera,
17,7,2017,warwick,50,dilution,75,na ,
17,7,2017,warwick,50,aliquots,5,na ,
17,7,2017,warwick,50,cyclopoid,6,copepod,
17,7,2017,warwick,50,nauplii,132,nauplii,
17,7,2017,warwick,50,rotifer,1163,rotifer,
17,7,2017,warwick,50,bosmina,2,cladocera,
17,7,2017,warwick,50,eubosmina,1,cladocera,
17,7,2017,warwick,50,daphnia,2,cladocera,
26,7,2017,warwick,50,dilution,75,na ,
26,7,2017,warwick,50,aliquots,5,na ,
26,7,2017,warwick,50,cyclopoid,9,copepod,
26,7,2017,warwick,50,nauplii,143,nauplii,
26,7,2017,warwick,50,rotifer,490,rotifer,
26,7,2017,warwick,50,bosmina,1,cladocera,
2,8,2017,warwick,50,dilution,75,na ,
2,8,2017,warwick,50,aliquots,5,na ,
2,8,2017,warwick,50,calanoid,2,copepod,
2,8,2017,warwick,50,cyclopoid,8,copepod,
2,8,2017,warwick,50,nauplii,327,nauplii,
2,8,2017,warwick,50,rotifer,1127,rotifer,
2,8,2017,warwick,50,alona,1,cladocera,
2,8,2017,warwick,50,eubosmina,1,cladocera,
2,8,2017,warwick,50,bosmina,1,cladocera,
9,8,2017,warwick,50,dilution,75,na ,
9,8,2017,warwick,50,aliquots,5,na ,
9,8,2017,warwick,50,cyclopoid,7,copepod,
9,8,2017,warwick,50,nauplii,304,nauplii,
9,8,2017,warwick,50,rotifer,5264,rotifer,
9,8,2017,warwick,50,bosmina,5,cladocera,
14,8,2017,warwick,50,dilution,75,na ,
14,8,2017,warwick,50,aliquots,5,na ,
14,8,2017,warwick,50,calanoid,1,copepod,
14,8,2017,warwick,50,cyclopoid,17,copepod,
14,8,2017,warwick,50,nauplii,521,nauplii,
14,8,2017,warwick,50,rotifer,9411,rotifer,
14,8,2017,warwick,50,bosmina,4,cladocera,
14,8,2017,warwick,50,alona,1,cladocera,
14,8,2017,warwick,50,eubosmina,1,cladocera,
24,8,2017,warwick,50,dilution,50,na ,
24,8,2017,warwick,50,aliquots,5,na ,
24,8,2017,warwick,50,cyclopoid,29,copepod,
24,8,2017,warwick,50,nauplii,327,nauplii,
24,8,2017,warwick,50,rotifer,4602,rotifer,
24,8,2017,warwick,50,bosmina,3,cladocera,
28,8,2017,warwick,50,dilution,75,na ,
28,8,2017,warwick,50,aliquots,5,na ,
28,8,2017,warwick,50,cyclopoid,74,copepod,
28,8,2017,warwick,50,nauplii,463,nauplii,
28,8,2017,warwick,50,rotifer,5309,rotifer,
28,8,2017,warwick,50,bosmina,24,cladocera,
28,8,2017,warwick,50,ceriodaphnia,1,cladocera,
28,8,2017,warwick,50,chaoborus,2,chaoborus,
5,9,2017,warwick,50,dilution,75,na ,
5,9,2017,warwick,50,aliquots,5,na ,
5,9,2017,warwick,50,cyclopoid,90,copepod,
5,9,2017,warwick,50,nauplii,1091,nauplii,
5,9,2017,warwick,50,rotifer,9180,rotifer,
5,9,2017,warwick,50,bosmina,36,cladocera,
5,9,2017,warwick,50,eubosmina,1,cladocera,
5,9,2017,warwick,50,chaoborus,1,chaoborus,
12,9,2017,warwick,50,dilution,75,na ,
12,9,2017,warwick,50,aliquots,5,na ,
12,9,2017,warwick,50,cyclopoid,100,copepod,
12,9,2017,warwick,50,nauplii,472,nauplii,
12,9,2017,warwick,50,rotifer,7614,rotifer,
12,9,2017,warwick,50,bosmina,27,cladocera,
12,9,2017,warwick,50,chaoborus,3,chaoborus,
18,9,2017,warwick,50,dilution,75,na ,
18,9,2017,warwick,50,aliquots,5,na ,
18,9,2017,warwick,50,cyclopoid,22,copepod,
18,9,2017,warwick,50,nauplii,157,nauplii,
18,9,2017,warwick,50,rotifer,3822,rotifer,
18,9,2017,warwick,50,bosmina,17,cladocera,
18,9,2017,warwick,50,eubosmina,1,cladocera,
18,9,2017,warwick,50,chaoborus,1,chaoborus,
25,9,2017,warwick,50,dilution,75,na ,
25,9,2017,warwick,50,aliquots,5,na ,
25,9,2017,warwick,50,cyclopoid,49,copepod,
25,9,2017,warwick,50,nauplii,20,nauplii,
25,9,2017,warwick,50,rotifer,2838,rotifer,
25,9,2017,warwick,50,bosmina,25,cladocera,
25,9,2017,warwick,50,daphnia,1,cladocera,
2,10,2017,warwick,50,dilution,75,na ,
2,10,2017,warwick,50,aliquots,5,na ,
2,10,2017,warwick,50,cyclopoid,15,copepod,
2,10,2017,warwick,50,nauplii,85,nauplii,
2,10,2017,warwick,50,rotifer,7741,rotifer,
2,10,2017,warwick,50,bosmina,18,cladocera,
10,10,2017,warwick,50,dilution,75,na ,
10,10,2017,warwick,50,aliquots,3,na ,
10,10,2017,warwick,50,calanoid,1,copepod,
10,10,2017,warwick,50,cyclopoid,39,copepod,
10,10,2017,warwick,50,nauplii,188,nauplii,
10,10,2017,warwick,50,rotifer,9314,rotifer,
10,10,2017,warwick,50,bosmina,40,cladocera,
16,10,2017,warwick,50,dilution,50,na ,
16,10,2017,warwick,50,aliquots,5,na ,
16,10,2017,warwick,50,cyclopoid,82,copepod,
16,10,2017,warwick,50,nauplii,57,nauplii,
16,10,2017,warwick,50,rotifer,880,rotifer,
16,10,2017,warwick,50,bosmina,57,cladocera,
16,10,2017,warwick,50,eubosmina,1,cladocera,
1,11,2017,warwick,50,dilution,100,na ,
1,11,2017,warwick,50,aliquots,4,na ,
1,11,2017,warwick,50,cyclopoid,84,copepod,
1,11,2017,warwick,50,nauplii,750,nauplii,
1,11,2017,warwick,50,rotifer,3086,rotifer,
1,11,2017,warwick,50,bosmina,205,cladocera,
1,11,2017,warwick,50,eubosmina,1,cladocera,
5,7,2017,yawgoo,50,dilution,80,na ,
5,7,2017,yawgoo,50,aliquots,5,na ,
5,7,2017,yawgoo,50,calanoid,213,copepod,
5,7,2017,yawgoo,50,cyclopoid,164,copepod,
5,7,2017,yawgoo,50,nauplii,687,nauplii,
5,7,2017,yawgoo,50,rotifer,1823,rotifer,
5,7,2017,yawgoo,50,daphnia,86,cladocera,
5,7,2017,yawgoo,50,diaphanosoma,8,cladocera,
5,7,2017,yawgoo,50,bosmina,2,cladocera,
5,7,2017,yawgoo,50,eubosmina,1,cladocera,
10,7,2017,yawgoo,50,dilution,80,na ,
10,7,2017,yawgoo,50,aliquots,4,na ,
10,7,2017,yawgoo,50,calanoid,198,copepod,
10,7,2017,yawgoo,50,cyclopoid,146,copepod,
10,7,2017,yawgoo,50,nauplii,636,nauplii,
10,7,2017,yawgoo,50,rotifer,869,rotifer,
10,7,2017,yawgoo,50,daphnia,240,cladocera,
10,7,2017,yawgoo,50,diaphanosoma,7,cladocera,
10,7,2017,yawgoo,50,eubosmina,4,cladocera,
10,7,2017,yawgoo,50,chaoborus,2,chaoborus,
17,7,2017,yawgoo,50,dilution,100,na ,
17,7,2017,yawgoo,50,aliquots,5,na ,
17,7,2017,yawgoo,50,calanoid,231,copepod,
17,7,2017,yawgoo,50,cyclopoid,149,copepod,
17,7,2017,yawgoo,50,nauplii,663,nauplii,
17,7,2017,yawgoo,50,rotifer,597,rotifer,
17,7,2017,yawgoo,50,daphnia,155,cladocera,
17,7,2017,yawgoo,50,bosmina,8,cladocera,
17,7,2017,yawgoo,50,eubosmina,4,cladocera,
26,7,2017,yawgoo,50,dilution,100,na ,
26,7,2017,yawgoo,50,aliquots,5,na ,
26,7,2017,yawgoo,50,calanoid,105,copepod,
26,7,2017,yawgoo,50,cyclopoid,127,copepod,
26,7,2017,yawgoo,50,nauplii,1413,nauplii,
26,7,2017,yawgoo,50,rotifer,698,rotifer,
26,7,2017,yawgoo,50,daphnia,35,cladocera,
26,7,2017,yawgoo,50,eubosmina,7,cladocera,
26,7,2017,yawgoo,50,diaphanosoma,4,cladocera,
26,7,2017,yawgoo,50,bosmina,2,cladocera,
26,7,2017,yawgoo,50,chaoborus,1,chaoborus,
2,8,2017,yawgoo,50,dilution,100,na ,
2,8,2017,yawgoo,50,aliquots,5,na ,
2,8,2017,yawgoo,50,calanoid,145,copepod,
2,8,2017,yawgoo,50,cyclopoid,84,copepod,
2,8,2017,yawgoo,50,nauplii,528,nauplii,
2,8,2017,yawgoo,50,rotifer,926,rotifer,
2,8,2017,yawgoo,50,daphnia,11,cladocera,
2,8,2017,yawgoo,50,diaphanosoma,4,cladocera,
2,8,2017,yawgoo,50,eubosmina,14,cladocera,
2,8,2017,yawgoo,50,bosmina,3,cladocera,
9,8,2017,yawgoo,50,dilution,100,na ,
9,8,2017,yawgoo,50,aliquots,5,na ,
9,8,2017,yawgoo,50,calanoid,102,copepod,
9,8,2017,yawgoo,50,cyclopoid,114,copepod,
9,8,2017,yawgoo,50,nauplii,307,nauplii,
9,8,2017,yawgoo,50,rotifer,1116,rotifer,
9,8,2017,yawgoo,50,bosmina,9,cladocera,
9,8,2017,yawgoo,50,diaphanosoma,4,cladocera,
9,8,2017,yawgoo,50,eubosmina,11,cladocera,
14,8,2017,yawgoo,50,dilution,75,na ,
14,8,2017,yawgoo,50,aliquots,5,na ,
14,8,2017,yawgoo,50,calanoid,118,copepod,
14,8,2017,yawgoo,50,cyclopoid,209,copepod,
14,8,2017,yawgoo,50,nauplii,495,nauplii,
14,8,2017,yawgoo,50,rotifer,2721,rotifer,
14,8,2017,yawgoo,50,bosmina,21,cladocera,
14,8,2017,yawgoo,50,diaphanosoma,3,cladocera,
14,8,2017,yawgoo,50,eubosmina,5,cladocera,
24,8,2017,yawgoo,50,dilution,100,na ,
24,8,2017,yawgoo,50,aliquots,5,na ,
24,8,2017,yawgoo,50,calanoid,36,copepod,
24,8,2017,yawgoo,50,cyclopoid,199,copepod,
24,8,2017,yawgoo,50,nauplii,788,nauplii,
24,8,2017,yawgoo,50,rotifer,1648,rotifer,
24,8,2017,yawgoo,50,diaphanosoma,4,cladocera,
24,8,2017,yawgoo,50,eubosmina,5,cladocera,
24,8,2017,yawgoo,50,bosmina,1,cladocera,
28,8,2017,yawgoo,50,dilution,100,na ,
28,8,2017,yawgoo,50,aliquots,5,na ,
28,8,2017,yawgoo,50,calanoid,31,copepod,
28,8,2017,yawgoo,50,cyclopoid,125,copepod,
28,8,2017,yawgoo,50,nauplii,877,nauplii,
28,8,2017,yawgoo,50,rotifer,2089,rotifer,
28,8,2017,yawgoo,50,bosmina,25,cladocera,
28,8,2017,yawgoo,50,eubosmina,8,cladocera,
28,8,2017,yawgoo,50,diaphanosoma,2,cladocera,
5,9,2017,yawgoo,50,dilution,75,na ,
5,9,2017,yawgoo,50,aliquots,4,na ,
5,9,2017,yawgoo,50,calanoid,34,copepod,
5,9,2017,yawgoo,50,cyclopoid,207,copepod,
5,9,2017,yawgoo,50,nauplii,732,nauplii,
5,9,2017,yawgoo,50,rotifer,2646,rotifer,
5,9,2017,yawgoo,50,bosmina,92,cladocera,
5,9,2017,yawgoo,50,eubosmina,4,cladocera,
5,9,2017,yawgoo,50,diaphanosoma,2,cladocera,
12,9,2017,yawgoo,50,dilution,75,na ,
12,9,2017,yawgoo,50,aliquots,4,na ,
12,9,2017,yawgoo,50,calanoid,26,copepod,
12,9,2017,yawgoo,50,cyclopoid,194,copepod,
12,9,2017,yawgoo,50,nauplii,450,nauplii,
12,9,2017,yawgoo,50,rotifer,3582,rotifer,
12,9,2017,yawgoo,50,bosmina,90,cladocera,
12,9,2017,yawgoo,50,diaphanosoma,1,cladocera,
12,9,2017,yawgoo,50,eubosmina,1,cladocera,
18,9,2017,yawgoo,50,dilution,75,na ,
18,9,2017,yawgoo,50,aliquots,4,na ,
18,9,2017,yawgoo,50,calanoid,13,copepod,
18,9,2017,yawgoo,50,cyclopoid,276,copepod,
18,9,2017,yawgoo,50,nauplii,721,nauplii,
18,9,2017,yawgoo,50,rotifer,3801,rotifer,
18,9,2017,yawgoo,50,bosmina,26,cladocera,
25,9,2017,yawgoo,50,dilution,75,na ,
25,9,2017,yawgoo,50,aliquots,4,na ,
25,9,2017,yawgoo,50,calanoid,9,copepod,
25,9,2017,yawgoo,50,cyclopoid,209,copepod,
25,9,2017,yawgoo,50,nauplii,627,nauplii,
25,9,2017,yawgoo,50,rotifer,1980,rotifer,
25,9,2017,yawgoo,50,bosmina,269,cladocera,
2,10,2017,yawgoo,50,dilution,75,na ,
2,10,2017,yawgoo,50,aliquots,2,na ,
2,10,2017,yawgoo,50,calanoid,7,copepod,
2,10,2017,yawgoo,50,cyclopoid,198,copepod,
2,10,2017,yawgoo,50,nauplii,207,nauplii,
2,10,2017,yawgoo,50,rotifer,2334,rotifer,
2,10,2017,yawgoo,50,bosmina,281,cladocera,
2,10,2017,yawgoo,50,diaphanosoma,2,cladocera,
2,10,2017,yawgoo,50,eubosmina,2,cladocera,
10,10,2017,yawgoo,50,dilution,75,na ,
10,10,2017,yawgoo,50,aliquots,3,na ,
10,10,2017,yawgoo,50,calanoid,5,copepod,
10,10,2017,yawgoo,50,cyclopoid,187,copepod,
10,10,2017,yawgoo,50,nauplii,528,nauplii,
10,10,2017,yawgoo,50,rotifer,4467,rotifer,
10,10,2017,yawgoo,50,bosmina,252,cladocera,
10,10,2017,yawgoo,50,daphnia,1,cladocera,
10,10,2017,yawgoo,50,eubosmina,2,cladocera,
16,10,2017,yawgoo,50,dilution,50,na ,
16,10,2017,yawgoo,50,aliquots,3,na ,
16,10,2017,yawgoo,50,calanoid,9,copepod,
16,10,2017,yawgoo,50,cyclopoid,126,copepod,
16,10,2017,yawgoo,50,nauplii,85,nauplii,
16,10,2017,yawgoo,50,rotifer,213,rotifer,
16,10,2017,yawgoo,50,bosmina,291,cladocera,
16,10,2017,yawgoo,50,eubosmina,2,cladocera,
1,11,2017,yawgoo,50,dilution,50,na ,
1,11,2017,yawgoo,50,aliquots,3,na ,
1,11,2017,yawgoo,50,calanoid,13,copepod,
1,11,2017,yawgoo,50,cyclopoid,243,copepod,
1,11,2017,yawgoo,50,nauplii,328,nauplii,
1,11,2017,yawgoo,50,rotifer,4679,rotifer,
1,11,2017,yawgoo,50,bosmina,93,cladocera,
5,7,2017,yawgoo,150,dilution,75,na ,
5,7,2017,yawgoo,150,aliquots,3,na ,
5,7,2017,yawgoo,150,calanoid,208,copepod,
5,7,2017,yawgoo,150,cyclopoid,160,copepod,
5,7,2017,yawgoo,150,daphnia,109,cladocera,
5,7,2017,yawgoo,150,bosmina,1,cladocera,
5,7,2017,yawgoo,150,diaphanosoma,1,cladocera,
10,7,2017,yawgoo,150,dilution,75,na ,
10,7,2017,yawgoo,150,aliquots,3,na ,
10,7,2017,yawgoo,150,calanoid,202,copepod,
10,7,2017,yawgoo,150,cyclopoid,136,copepod,
10,7,2017,yawgoo,150,daphnia,257,cladocera,
10,7,2017,yawgoo,150,diaphanosoma,3,cladocera,
10,7,2017,yawgoo,150,bosmina,1,cladocera,
17,7,2017,yawgoo,150,dilution,75,na ,
17,7,2017,yawgoo,150,aliquots,4,na ,
17,7,2017,yawgoo,150,calanoid,220,copepod,
17,7,2017,yawgoo,150,cyclopoid,133,copepod,
17,7,2017,yawgoo,150,daphnia,87,cladocera,
17,7,2017,yawgoo,150,eubosmina,9,cladocera,
17,7,2017,yawgoo,150,bosmina,2,cladocera,
17,7,2017,yawgoo,150,diaphanosoma,3,cladocera,
26,7,2017,yawgoo,150,dilution,75,na ,
26,7,2017,yawgoo,150,aliquots,6,na ,
26,7,2017,yawgoo,150,calanoid,195,copepod,
26,7,2017,yawgoo,150,cyclopoid,178,copepod,
26,7,2017,yawgoo,150,daphnia,134,cladocera,
26,7,2017,yawgoo,150,eubosmina,4,cladocera,
26,7,2017,yawgoo,150,bosmina,4,cladocera,
26,7,2017,yawgoo,150,diaphanosoma,1,cladocera,
2,8,2017,yawgoo,150,dilution,75,na ,
2,8,2017,yawgoo,150,aliquots,4,na ,
2,8,2017,yawgoo,150,calanoid,204,copepod,
2,8,2017,yawgoo,150,cyclopoid,102,copepod,
2,8,2017,yawgoo,150,daphnia,9,cladocera,
2,8,2017,yawgoo,150,bosmina,6,cladocera,
2,8,2017,yawgoo,150,eubosmina,5,cladocera,
9,8,2017,yawgoo,150,dilution,50,na ,
9,8,2017,yawgoo,150,aliquots,5,na ,
9,8,2017,yawgoo,150,calanoid,217,copepod,
9,8,2017,yawgoo,150,cyclopoid,128,copepod,
9,8,2017,yawgoo,150,daphnia,1,cladocera,
9,8,2017,yawgoo,150,eubosmina,19,cladocera,
9,8,2017,yawgoo,150,bosmina,15,cladocera,
9,8,2017,yawgoo,150,diaphanosoma,3,cladocera,
14,8,2017,yawgoo,150,dilution,25,na ,
14,8,2017,yawgoo,150,aliquots,3,na ,
14,8,2017,yawgoo,150,calanoid,269,copepod,
14,8,2017,yawgoo,150,cyclopoid,146,copepod,
14,8,2017,yawgoo,150,bosmina,34,cladocera,
14,8,2017,yawgoo,150,eubosmina,1,cladocera,
14,8,2017,yawgoo,150,diaphanosoma,2,cladocera,
24,8,2017,yawgoo,150,dilution,25,na ,
24,8,2017,yawgoo,150,aliquots,7,na ,
24,8,2017,yawgoo,150,calanoid,98,copepod,
24,8,2017,yawgoo,150,cyclopoid,216,cladocera,
24,8,2017,yawgoo,150,daphnia,1,cladocera,
24,8,2017,yawgoo,150,eubosmina,2,cladocera,
24,8,2017,yawgoo,150,bosmina,10,cladocera,
24,8,2017,yawgoo,150,diaphanosoma,2,cladocera,
28,8,2017,yawgoo,150,dilution,20,na ,
28,8,2017,yawgoo,150,aliquots,4,na ,
28,8,2017,yawgoo,150,calanoid,127,copepod,
28,8,2017,yawgoo,150,cyclopoid,202,copepod,
28,8,2017,yawgoo,150,bosmina,62,cladocera,
28,8,2017,yawgoo,150,eubosmina,3,cladocera,
28,8,2017,yawgoo,150,diaphanosoma,4,cladocera,
28,8,2017,yawgoo,150,pleuroxas,1,cladocera,
5,9,2017,yawgoo,150,dilution,25,na ,
5,9,2017,yawgoo,150,aliquots,4,na ,
5,9,2017,yawgoo,150,calanoid,84,copepod,
5,9,2017,yawgoo,150,cyclopoid,127,copepod,
5,9,2017,yawgoo,150,bosmina,201,cladocera,
5,9,2017,yawgoo,150,eubosmina,6,cladocera,
12,9,2017,yawgoo,150,dilution,25,na ,
12,9,2017,yawgoo,150,aliquots,5,na ,
12,9,2017,yawgoo,150,calanoid,61,copepod,
12,9,2017,yawgoo,150,cyclopoid,71,copepod,
12,9,2017,yawgoo,150,bosmina,97,cladocera,
12,9,2017,yawgoo,150,ergosilus,1,copepod,
12,9,2017,yawgoo,150,eubosmina,3,cladocera,
12,9,2017,yawgoo,150,diaphanosoma,1,cladocera,
18,9,2017,yawgoo,150,dilution,20,na ,
18,9,2017,yawgoo,150,aliquots,5,na ,
18,9,2017,yawgoo,150,calanoid,48,copepod,
18,9,2017,yawgoo,150,cyclopoid,65,copepod,
18,9,2017,yawgoo,150,bosmina,23,cladocera,
18,9,2017,yawgoo,150,ergosilus,2,copepod,
18,9,2017,yawgoo,150,eubosmina,2,cladocera,
25,9,2017,yawgoo,150,dilution,20,na ,
25,9,2017,yawgoo,150,aliquots,3,na ,
25,9,2017,yawgoo,150,calanoid,27,copepod,
25,9,2017,yawgoo,150,cyclopoid,59,copepod,
25,9,2017,yawgoo,150,bosmina,299,cladocera,
25,9,2017,yawgoo,150,eubosmina,1,cladocera,
2,10,2017,yawgoo,150,dilution,20,na ,
2,10,2017,yawgoo,150,aliquots,1,na ,
2,10,2017,yawgoo,150,calanoid,10,copepod,
2,10,2017,yawgoo,150,cyclopoid,96,copepod,
2,10,2017,yawgoo,150,bosmina,398,cladocera,
10,10,2017,yawgoo,150,dilution,20,na ,
10,10,2017,yawgoo,150,aliquots,2,na ,
10,10,2017,yawgoo,150,calanoid,13,copepod,
10,10,2017,yawgoo,150,cyclopoid,128,copepod,
10,10,2017,yawgoo,150,bosmina,273,cladocera,
16,10,2017,yawgoo,150,dilution,20,na ,
16,10,2017,yawgoo,150,aliquots,2,na ,
16,10,2017,yawgoo,150,calanoid,4,copepod,
16,10,2017,yawgoo,150,cyclopoid,117,copepod,
16,10,2017,yawgoo,150,bosmina,266,cladocera,
16,10,2017,yawgoo,150,alona,1,cladocera,
1,11,2017,yawgoo,150,dilution,20,na ,
1,11,2017,yawgoo,150,aliquots,2,na ,
1,11,2017,yawgoo,150,calanoid,39,copepod,
1,11,2017,yawgoo,150,cyclopoid,275,copepod,
1,11,2017,yawgoo,150,bosmina,133,cladocera,
1,11,2017,yawgoo,150,eubosmina,7,cladocera,
1,11,2017,yawgoo,150,moina,1,cladocera,
5,7,2017,warwick,150,dilution,20,na ,
5,7,2017,warwick,150,aliquots,5,na ,
5,7,2017,warwick,150,calanoid,2,copepod,
5,7,2017,warwick,150,cyclopoid,71,copepod,
5,7,2017,warwick,150,bosmina,2,cladocera,
5,7,2017,warwick,150,daphnia,2,cladocera,
10,7,2017,warwick,150,dilution,20,na ,
10,7,2017,warwick,150,aliquots,5,na ,
10,7,2017,warwick,150,calanoid,2,copepod,
10,7,2017,warwick,150,cyclopoid,41,copepod,
10,7,2017,warwick,150,daphnia,20,cladocera,
10,7,2017,warwick,150,bosmina,1,cladocera,
10,7,2017,warwick,150,eubosmina,1,cladocera,
17,7,2017,warwick,150,dilution,20,na ,
17,7,2017,warwick,150,aliquots,5,na ,
17,7,2017,warwick,150,calanoid,4,copepod,
17,7,2017,warwick,150,cyclopoid,57,copepod,
26,7,2017,warwick,150,dilution,20,na ,
26,7,2017,warwick,150,aliquots,5,na ,
26,7,2017,warwick,150,calanoid,2,copepod,
26,7,2017,warwick,150,cyclopoid,27,copepod,
26,7,2017,warwick,150,bosmina,1,cladocera,
26,7,2017,warwick,150,daphnia,5,cladocera,
26,7,2017,warwick,150,chydorus,1,cladocera,
2,8,2017,warwick,150,dilution,15,na ,
2,8,2017,warwick,150,aliquots,5,na ,
2,8,2017,warwick,150,calanoid,2,copepod,
2,8,2017,warwick,150,cyclopoid,31,copepod,
2,8,2017,warwick,150,bosmina,1,cladocera,
2,8,2017,warwick,150,daphnia,3,cladocera,
9,8,2017,warwick,150,dilution,15,na ,
9,8,2017,warwick,150,aliquots,5,na ,
9,8,2017,warwick,150,calanoid,5,copepod,
9,8,2017,warwick,150,cyclopoid,51,copepod,
9,8,2017,warwick,150,daphnia,3,cladocera,
9,8,2017,warwick,150,bosmina,5,cladocera,
9,8,2017,warwick,150,eubosmina,2,cladocera,
14,8,2017,warwick,150,dilution,15,na ,
14,8,2017,warwick,150,aliquots,5,na ,
14,8,2017,warwick,150,calanoid,2,copepod,
14,8,2017,warwick,150,cyclopoid,57,copepod,
14,8,2017,warwick,150,bosmina,7,cladocera,
14,8,2017,warwick,150,eubosmina,1,cladocera,
14,8,2017,warwick,150,diaphanosoma,1,cladocera,
24,8,2017,warwick,150,dilution,10,na ,
24,8,2017,warwick,150,aliquots,5,na ,
24,8,2017,warwick,150,calanoid,3,copepod,
24,8,2017,warwick,150,cyclopoid,109,copepod,
24,8,2017,warwick,150,bosmina,6,cladocera,
24,8,2017,warwick,150,eubosmina,1,cladocera,
28,8,2017,warwick,150,dilution,10,na ,
28,8,2017,warwick,150,aliquots,3,na ,
28,8,2017,warwick,150,cyclopoid,208,copepod,
28,8,2017,warwick,150,bosmina,5,cladocera,
28,8,2017,warwick,150,daphnia,2,cladocera,
5,9,2017,warwick,150,dilution,15,na ,
5,9,2017,warwick,150,aliquots,3,na ,
5,9,2017,warwick,150,cyclopoid,247,copepod,
5,9,2017,warwick,150,bosmina,33,cladocera,
5,9,2017,warwick,150,daphnia,1,cladocera,
12,9,2017,warwick,150,dilution,15,na ,
12,9,2017,warwick,150,aliquots,3,na ,
12,9,2017,warwick,150,calanoid,1,copepod,
12,9,2017,warwick,150,cyclopoid,279,copepod,
12,9,2017,warwick,150,bosmina,29,cladocera,
18,9,2017,warwick,150,dilution,15,na ,
18,9,2017,warwick,150,aliquots,5,na ,
18,9,2017,warwick,150,calanoid,1,copepod,
18,9,2017,warwick,150,cyclopoid,116,copepod,
18,9,2017,warwick,150,bosmina,18,cladocera,
25,9,2017,warwick,150,dilution,15,na ,
25,9,2017,warwick,150,aliquots,3,na ,
25,9,2017,warwick,150,cyclopoid,265,copepod,
25,9,2017,warwick,150,bosmina,9,cladocera,
25,9,2017,warwick,150,alona,1,cladocera,
2,10,2017,warwick,150,dilution,10,na ,
2,10,2017,warwick,150,aliquots,5,na ,
2,10,2017,warwick,150,cyclopoid,43,copepod,
2,10,2017,warwick,150,bosmina,74,cladocera,
10,10,2017,warwick,150,dilution,15,na ,
10,10,2017,warwick,150,aliquots,4,na ,
10,10,2017,warwick,150,cyclopoid,216,copepod,
10,10,2017,warwick,150,bosmina,40,cladocera,
10,10,2017,warwick,150,daphnia,1,cladocera,
16,10,2017,warwick,150,dilution,15,na ,
16,10,2017,warwick,150,aliquots,5,na ,
16,10,2017,warwick,150,cyclopoid,168,copepod,
16,10,2017,warwick,150,bosmina,97,cladocera,
1,11,2017,warwick,150,dilution,35,na ,
1,11,2017,warwick,150,aliquots,2,na ,
1,11,2017,warwick,150,cyclopoid,128,copepod,
1,11,2017,warwick,150,bosmina,248,cladocera,
1,11,2017,warwick,150,daphnia,1,cladocera,
11,6,2018,mashapaug,150,dilution,150,na ,
11,6,2018,mashapaug,150,aliquots,2,na,
11,6,2018,mashapaug,150,cyclopoid,296,copepod,
11,6,2018,mashapaug,150,daphnia,109,cladocera,
11,6,2018,mashapaug,150,bosmina,11,cladocera,
11,6,2018,mashapaug,150,chydorus,16,cladocera,
11,6,2018,mashapaug,150,calanoid,8,copepod,
12,6,2018,warwick,150,dilution,150,na ,
12,6,2018,warwick,150,aliquots,1,na,
12,6,2018,warwick,150,cyclopoid,24,copepod,
12,6,2018,warwick,150,daphnia,33,cladocera,
12,6,2018,warwick,150,bosmina,569,cladocera,
12,6,2018,warwick,150,eubosmina,4,cladocera,
12,6,2018,warwick,150,calanoid,4,copepod,
12,6,2018,warwick,150,eubosmina/bosmina,13,cladocera,
12,6,2018,warwick,150,chydorus,1,cladocera,
13,6,2018,yawgoo,150,dilution,60,na,
13,6,2018,yawgoo,150,aliquots,4,na,
13,6,2018,yawgoo,150,daphnia,220,cladocera,
13,6,2018,yawgoo,150,cyclopoid,119,copepod,
13,6,2018,yawgoo,150,calanoid,93,copepod,
13,6,2018,yawgoo,150,bosmina,10,cladocera,
13,6,2018,yawgoo,150,diaphanosoma,7,cladocera,
13,6,2018,yawgoo,150,eubosmina,2,cladocera,
13,6,2018,yawgoo,150,alona,3,cladocera,
18,6,2018,mashapaug,150,dilution,200,na,
18,6,2018,mashapaug,150,aliquots,5,na,
18,6,2018,mashapaug,150,daphnia,176,cladocera,
18,6,2018,mashapaug,150,calanoid,45,copepod,
18,6,2018,mashapaug,150,cyclopoid,183,copepod,
18,6,2018,mashapaug,150,bosmina,28,cladocera,
18,6,2018,mashapaug,150,chydorus,62,cladocera,
18,6,2018,warwick,150,dilution,75,na,
18,6,2018,warwick,150,aliquots,2,na,
18,6,2018,warwick,150,bosmina,212,cladocera,
18,6,2018,warwick,150,calanoid,5,copepod,
18,6,2018,warwick,150,cyclopoid,54,copepod,
18,6,2018,warwick,150,daphnia,28,cladocera,
18,6,2018,warwick,150,eubosmina_bosmina,4,cladocera,
18,6,2018,warwick,150,eubosmina,3,cladocera,
20,6,2018,yawgoo,150,dilution,75,na,
20,6,2018,yawgoo,150,aliquots,2,na,
20,6,2018,yawgoo,150,daphnia,196,cladocera,
20,6,2018,yawgoo,150,cyclopoid,53,copepod,
20,6,2018,yawgoo,150,calanoid,56,copepod,
20,6,2018,yawgoo,150,alona,1,cladocera,
25,6,2018,mashapaug,150,dilution,175,na,
25,6,2018,mashapaug,150,aliquots,5,na,
25,6,2018,mashapaug,150,bosmina,46,cladocera,
25,6,2018,mashapaug,150,daphnia,106,cladocera,
25,6,2018,mashapaug,150,cyclopoid,158,copepod,
25,6,2018,mashapaug,150,calanoid,72,copepod,
25,6,2018,mashapaug,150,chydorus,47,cladocera,
25,6,2018,warwick,150,dilution,50,na,
25,6,2018,warwick,150,aliquots,5,na,
25,6,2018,warwick,150,bosmina,51,cladocera,
25,6,2018,warwick,150,cyclopoid,71,copepod,
25,6,2018,warwick,150,daphnia,11,cladocera,
25,6,2018,warwick,150,calanoid,7,copepod,
25,6,2018,warwick,150,chydorus,3,cladocera,
29,6,2018,yawgoo,150,dilution,100,na,
29,6,2018,yawgoo,150,aliquots,4,na,
29,6,2018,yawgoo,150,daphnia,202,cladocera,
29,6,2018,yawgoo,150,cyclopoid,97,copepod,
29,6,2018,yawgoo,150,calanoid,73,copepod,
29,6,2018,yawgoo,150,bosmina,2,cladocera,
2,7,2018,mashapaug,150,dilution,125,na,
2,7,2018,mashapaug,150,aliquots,4,na,
2,7,2018,mashapaug,150,bosmina,67,cladocera,
2,7,2018,mashapaug,150,daphnia,146,cladocera,
2,7,2018,mashapaug,150,cyclopoid,54,copepod,
2,7,2018,mashapaug,150,calanoid,141,copepod,
2,7,2018,mashapaug,150,chydorus,69,cladocera,
2,7,2018,mashapaug,150,eubosmina,1,cladocera,
2,7,2018,warwick,150,dilution,25,na,
2,7,2018,warwick,150,aliquots,5,na,
2,7,2018,warwick,150,bosmina,66,cladocera,
2,7,2018,warwick,150,cyclopoid,67,copepod,
2,7,2018,warwick,150,daphnia,5,cladocera,
2,7,2018,warwick,150,calanoid,4,copepod,
5,7,2018,yawgoo,150,dilution,75,na,
5,7,2018,yawgoo,150,aliquots,3,na,
5,7,2018,yawgoo,150,daphnia,211,cladocera,
5,7,2018,yawgoo,150,cyclopoid,50,copepod,
5,7,2018,yawgoo,150,calanoid,123,copepod,
5,7,2018,yawgoo,150,eubosmina,1,cladocera,
9,7,2018,mashapaug,150,dilution,100,na,
9,7,2018,mashapaug,150,aliquots,4,na,
9,7,2018,mashapaug,150,bosmina,253,cladocera,
9,7,2018,mashapaug,150,daphnia,230,cladocera,
9,7,2018,mashapaug,150,cyclopoid,29,copepod,
9,7,2018,mashapaug,150,calanoid,125,copepod,
9,7,2018,mashapaug,150,chydorus,250,cladocera,
9,7,2018,mashapaug,150,diaphanosoma,1,cladocera,
9,7,2018,warwick,150,dilution,25,na,
9,7,2018,warwick,150,aliquots,5,na,
9,7,2018,warwick,150,bosmina,6,cladocera,
9,7,2018,warwick,150,cyclopoid,8,copepod,
9,7,2018,warwick,150,calanoid,1,copepod,
21,7,2018,yawgoo,150,dilution,150,na,
21,7,2018,yawgoo,150,aliquots,3,na,
21,7,2018,yawgoo,150,daphnia,266,cladocera,
21,7,2018,yawgoo,150,cyclopoid,15,copepod,
21,7,2018,yawgoo,150,calanoid,50,copepod,
21,7,2018,yawgoo,150,bosmina,2,cladocera,
16,7,2018,yawgoo,150,dilution,50,na,
16,7,2018,yawgoo,150,aliquots,3,na,
16,7,2018,yawgoo,150,daphnia,214,cladocera,
16,7,2018,yawgoo,150,cyclopoid,30,copepod,
16,7,2018,yawgoo,150,calanoid,107,copepod,
18,7,2018,mashapaug,150,dilution,100,na,
18,7,2018,mashapaug,150,aliquots,2,na,
18,7,2018,mashapaug,150,bosmina,247,cladocera,
18,7,2018,mashapaug,150,daphnia,109,cladocera,
18,7,2018,mashapaug,150,cyclopoid,11,copepod,
18,7,2018,mashapaug,150,calanoid,127,copepod,
18,7,2018,mashapaug,150,chydorus,100,cladocera,
18,7,2018,mashapaug,150,diaphanosoma,4,cladocera,
18,7,2018,warwick,150,dilution,20,na,
18,7,2018,warwick,150,aliquots,5,na,
18,7,2018,warwick,150,bosmina,2,cladocera,
18,7,2018,warwick,150,cyclopoid,34,copepod,
18,7,2018,warwick,150,daphnia,2,cladocera,
31,7,2018,yawgoo,150,dilution,75,na,
31,7,2018,yawgoo,150,aliquots,5,na,
31,7,2018,yawgoo,150,daphnia,137,cladocera,
31,7,2018,yawgoo,150,cyclopoid,14,copepod,
31,7,2018,yawgoo,150,calanoid,140,copepod,
2,8,2018,warwick,150,dilution,10,na,possibly wrong sample
2,8,2018,warwick,150,aliquots,5,na,
2,8,2018,warwick,150,bosmina,1,cladocera,
2,8,2018,warwick,150,cyclopoid,17,copepod,
2,8,2018,warwick,150,calanoid,1,copepod,
2,8,2018,warwick,150,chydorus,4,cladocera,
2,8,2018,warwick,150,diaphanosoma,2,cladocera,
2,8,2018,warwick,150,ceriodaphnia,2,cladocera,
2,8,2018,mashapaug,150,dilution,125,na,
2,8,2018,mashapaug,150,aliquots,3,na,
2,8,2018,mashapaug,150,bosmina,27,cladocera,
2,8,2018,mashapaug,150,daphnia,142,cladocera,
2,8,2018,mashapaug,150,cyclopoid,105,copepod,
2,8,2018,mashapaug,150,calanoid,77,copepod,
2,8,2018,mashapaug,150,chydorus,141,cladocera,
2,8,2018,mashapaug,150,diaphanosoma,134,cladocera,
2,8,2018,mashapaug,150,ceriodaphnia,104,cladocera,
6,8,2018,mashapaug,150,dilution,125,na,
6,8,2018,mashapaug,150,aliquots,3,na,
6,8,2018,mashapaug,150,bosmina,221,cladocera,
6,8,2018,mashapaug,150,daphnia,82,cladocera,
6,8,2018,mashapaug,150,cyclopoid,85,copepod,
6,8,2018,mashapaug,150,calanoid,33,copepod,
6,8,2018,mashapaug,150,chydorus,88,cladocera,
6,8,2018,mashapaug,150,diaphanosoma,150,cladocera,
6,8,2018,mashapaug,150,ceriodaphnia,208,cladocera,
6,8,2018,warwick,150,dilution,15,na,
6,8,2018,warwick,150,aliquots,5,na,
6,8,2018,warwick,150,cyclopoid,3,copepod,
6,8,2018,warwick,150,diaphanosoma,2,cladocera,
6,8,2018,warwick,150,ceriodaphnia,1,cladocera,
7,8,2018,yawgoo,150,dilution,100,na,
7,8,2018,yawgoo,150,aliquots,5,na,
7,8,2018,yawgoo,150,daphnia,164,cladocera,
7,8,2018,yawgoo,150,cyclopoid,7,copepod,
7,8,2018,yawgoo,150,calanoid,129,copepod,
14,8,2018,yawgoo,150,dilution,75,na,
14,8,2018,yawgoo,150,aliquots,5,na,
14,8,2018,yawgoo,150,daphnia,222,cladocera,
14,8,2018,yawgoo,150,cyclopoid,14,copepod,
14,8,2018,yawgoo,150,calanoid,94,copepod,
16,8,2018,mashapaug,150,dilution,100,na,
16,8,2018,mashapaug,150,aliquots,5,na,
16,8,2018,mashapaug,150,bosmina,46,cladocera,
16,8,2018,mashapaug,150,daphnia,18,cladocera,
16,8,2018,mashapaug,150,cyclopoid,202,copepod,
16,8,2018,mashapaug,150,calanoid,104,copepod,
16,8,2018,mashapaug,150,chydorus,2,cladocera,
16,8,2018,mashapaug,150,diaphanosoma,163,cladocera,
16,8,2018,mashapaug,150,ceriodaphnia,226,cladocera,
16,8,2018,warwick,150,dilution,15,na,
16,8,2018,warwick,150,aliquots,5,na,
16,8,2018,warwick,150,cyclopoid,11,copepod,
16,8,2018,warwick,150,diaphanosoma,1,cladocera,
16,8,2018,warwick,150,bosmina,1,cladocera,
20,8,2018,yawgoo,150,dilution,50,na,
20,8,2018,yawgoo,150,aliquots,3,na,
20,8,2018,yawgoo,150,daphnia,259,cladocera,
20,8,2018,yawgoo,150,cyclopoid,7,copepod,
20,8,2018,yawgoo,150,calanoid,67,copepod,
23,8,2018,mashapaug,150,dilution,100,na,
23,8,2018,mashapaug,150,aliquots,3,na,
23,8,2018,mashapaug,150,bosmina,33,cladocera,
23,8,2018,mashapaug,150,daphnia,5,cladocera,
23,8,2018,mashapaug,150,cyclopoid,156,copepod,
23,8,2018,mashapaug,150,calanoid,72,copepod,
23,8,2018,mashapaug,150,diaphanosoma,64,cladocera,
23,8,2018,mashapaug,150,ceriodaphnia,235,cladocera,
23,8,2018,warwick,150,dilution,20,na,
23,8,2018,warwick,150,aliquots,5,na,
23,8,2018,warwick,150,cyclopoid,4,copepod,
23,8,2018,warwick,150,diaphanosoma,1,cladocera,
23,8,2018,warwick,150,ceriodaphnia,2,cladocera,
27,8,2018,mashapaug,150,dilution,100,na,
27,8,2018,mashapaug,150,aliquots,3,na,
27,8,2018,mashapaug,150,bosmina,10,cladocera,
27,8,2018,mashapaug,150,daphnia,7,cladocera,
27,8,2018,mashapaug,150,cyclopoid,189,copepod,
27,8,2018,mashapaug,150,calanoid,67,copepod,
27,8,2018,mashapaug,150,diaphanosoma,81,cladocera,
27,8,2018,mashapaug,150,ceriodaphnia,308,cladocera,
27,8,2018,mashapaug,150,chydorus,2,cladocera,
27,8,2018,warwick,150,dilution,25,na,
27,8,2018,warwick,150,aliquots,5,na,
27,8,2018,warwick,150,cyclopoid,42,copepod,
27,8,2018,warwick,150,diaphanosoma,5,cladocera,
27,8,2018,warwick,150,ceriodaphnia,44,cladocera,
27,8,2018,warwick,150,daphnia,1,cladocera,
27,8,2018,warwick,150,calanoid,2,copepod,
4,9,2018,mashapaug,150,dilution,150,na,
4,9,2018,mashapaug,150,aliquots,3,na,
4,9,2018,mashapaug,150,bosmina,17,cladocera,
4,9,2018,mashapaug,150,daphnia,7,cladocera,
4,9,2018,mashapaug,150,cyclopoid,153,copepod,
4,9,2018,mashapaug,150,calanoid,47,copepod,
4,9,2018,mashapaug,150,diaphanosoma,19,cladocera,
4,9,2018,mashapaug,150,ceriodaphnia,198,cladocera,
4,9,2018,mashapaug,150,chydorus,3,cladocera,
5,9,2018,yawgoo,150,dilution,25,na,
5,9,2018,yawgoo,150,aliquots,2,na,
5,9,2018,yawgoo,150,daphnia,74,cladocera,
5,9,2018,yawgoo,150,cyclopoid,24,copepod,
5,9,2018,yawgoo,150,calanoid,229,copepod,
5,9,2018,yawgoo,150,eubosmina,2,cladocera,
4,9,2018,warwick,150,dilution,20,na,
4,9,2018,warwick,150,aliquots,5,na,
4,9,2018,warwick,150,cyclopoid,15,copepod,
4,9,2018,warwick,150,ceriodaphnia,3,cladocera,
13,9,2018,mashapaug,150,dilution,100,na,
13,9,2018,mashapaug,150,aliquots,4,na,
13,9,2018,mashapaug,150,bosmina,45,cladocera,
13,9,2018,mashapaug,150,daphnia,1,cladocera,
13,9,2018,mashapaug,150,cyclopoid,223,copepod,
13,9,2018,mashapaug,150,calanoid,154,copepod,
13,9,2018,mashapaug,150,diaphanosoma,42,cladocera,
13,9,2018,mashapaug,150,ceriodaphnia,258,cladocera,
13,9,2018,mashapaug,150,chydorus,4,cladocera,
13,9,2018,warwick,150,dilution,20,na,
13,9,2018,warwick,150,aliquots,5,na,
13,9,2018,warwick,150,cyclopoid,77,copepod,
13,9,2018,warwick,150,diaphanosoma,4,cladocera,
13,9,2018,warwick,150,ceriodaphnia,1,cladocera,
13,9,2018,warwick,150,daphnia,2,cladocera,
13,9,2018,warwick,150,chydorus,2,cladocera,
13,9,2018,warwick,150,bosmina,5,cladocera,
17,9,2018,mashapaug,150,dilution,100,na,
17,9,2018,mashapaug,150,aliquots,3,na,
17,9,2018,mashapaug,150,bosmina,20,cladocera,
17,9,2018,mashapaug,150,daphnia,1,cladocera,
17,9,2018,mashapaug,150,cyclopoid,130,copepod,
17,9,2018,mashapaug,150,calanoid,28,copepod,
17,9,2018,mashapaug,150,diaphanosoma,20,cladocera,
17,9,2018,mashapaug,150,ceriodaphnia,201,cladocera,
17,9,2018,warwick,150,dilution,25,na,
17,9,2018,warwick,150,aliquots,5,na,
17,9,2018,warwick,150,cyclopoid,38,copepod,
17,9,2018,warwick,150,ceriodaphnia,3,cladocera,
17,9,2018,warwick,150,chydorus,1,cladocera,
17,9,2018,warwick,150,bosmina,2,cladocera,
24,9,2018,mashapaug,150,dilution,75,na,
24,9,2018,mashapaug,150,aliquots,3,na,
24,9,2018,mashapaug,150,cyclopoid,233,copepod,
24,9,2018,mashapaug,150,ceriodaphnia,63,cladocera,
24,9,2018,mashapaug,150,calanoid,50,copepod,
24,9,2018,mashapaug,150,bosmina,11,cladocera,
24,9,2018,mashapaug,150,daphnia,3,cladocera,
24,9,2018,mashapaug,150,diaphanosoma,3,cladocera,
24,9,2018,warwick,150,dilution,25,na,
24,9,2018,warwick,150,aliquots,5,na,
24,9,2018,warwick,150,cyclopoid,153,copepod,
24,9,2018,warwick,150,ceriodaphnia,1,cladocera,
24,9,2018,warwick,150,chydorus,6,cladocera,
24,9,2018,warwick,150,bosmina,3,cladocera,
26,9,2018,yawgoo,150,dilution,75,na,
26,9,2018,yawgoo,150,aliquots,2,na,
26,9,2018,yawgoo,150,calanoid,326,copepod,
26,9,2018,yawgoo,150,daphnia,35,cladocera,
26,9,2018,yawgoo,150,cyclopoid,10,copepod,
26,9,2018,yawgoo,150,eubosmina,11,cladocera,
26,9,2018,yawgoo,150,diaphanosoma,4,cladocera,
26,9,2018,yawgoo,150,ceriodaphnia,2,cladocera,
1,10,2018,mashapaug,150,dilution,100,na,
1,10,2018,mashapaug,150,aliquots,3,na,
1,10,2018,mashapaug,150,cyclopoid,264,copepod,
1,10,2018,mashapaug,150,ceriodaphnia,135,cladocera,
1,10,2018,mashapaug,150,calanoid,172,copepod,
1,10,2018,mashapaug,150,bosmina,79,cladocera,
1,10,2018,mashapaug,150,daphnia,29,cladocera,
1,10,2018,mashapaug,150,diaphanosoma,1,cladocera,
1,10,2018,mashapaug,150,eubosmina,1,cladocera,
1,10,2018,mashapaug,150,chydorus,2,cladocera,
1,10,2018,warwick,150,dilution,25,na,
1,10,2018,warwick,150,aliquots,5,na,
1,10,2018,warwick,150,cyclopoid,191,copepod,
1,10,2018,warwick,150,ceriodaphnia,3,cladocera,
1,10,2018,warwick,150,chydorus,2,cladocera,
1,10,2018,warwick,150,bosmina,17,cladocera,
2,10,2018,yawgoo,150,dilution,100,na,
2,10,2018,yawgoo,150,aliquots,3,na,
2,10,2018,yawgoo,150,calanoid,197,copepod,
2,10,2018,yawgoo,150,daphnia,48,cladocera,
2,10,2018,yawgoo,150,cyclopoid,10,copepod,
2,10,2018,yawgoo,150,eubosmina,22,cladocera,
2,10,2018,yawgoo,150,diaphanosoma,16,cladocera,
9,10,2018,mashapaug,150,dilution,100,na,
9,10,2018,mashapaug,150,aliquots,4,na,
9,10,2018,mashapaug,150,cyclopoid,96,copepod,
9,10,2018,mashapaug,150,ceriodaphnia,179,cladocera,
9,10,2018,mashapaug,150,calanoid,218,copepod,
9,10,2018,mashapaug,150,bosmina,145,cladocera,
9,10,2018,mashapaug,150,daphnia,68,cladocera,
9,10,2018,mashapaug,150,diaphanosoma,6,cladocera,
9,10,2018,warwick,150,dilution,25,na,
9,10,2018,warwick,150,aliquots,5,na,
9,10,2018,warwick,150,cyclopoid,29,copepod,
9,10,2018,warwick,150,ceriodaphnia,4,cladocera,
9,10,2018,warwick,150,calanoid,2,copepod,
9,10,2018,warwick,150,bosmina,70,cladocera,
11,10,2018,yawgoo,150,dilution,75,na,
11,10,2018,yawgoo,150,aliquots,3,na,
11,10,2018,yawgoo,150,calanoid,237,copepod,
11,10,2018,yawgoo,150,daphnia,21,cladocera,
11,10,2018,yawgoo,150,cyclopoid,18,copepod,
11,10,2018,yawgoo,150,eubosmina,17,cladocera,
11,10,2018,yawgoo,150,diaphanosoma,2,cladocera,
16,10,2018,mashapaug,150,dilution,125,na,
16,10,2018,mashapaug,150,aliquots,3,na,
16,10,2018,mashapaug,150,cyclopoid,67,copepod,
16,10,2018,mashapaug,150,ceriodaphnia,55,cladocera,
16,10,2018,mashapaug,150,calanoid,196,copepod,
16,10,2018,mashapaug,150,bosmina,51,cladocera,
16,10,2018,mashapaug,150,daphnia,91,cladocera,
16,10,2018,mashapaug,150,diaphanosoma,3,cladocera,
16,10,2018,mashapaug,150,eubosmina,1,cladocera,
16,10,2018,mashapaug,150,chydorus,3,cladocera,
16,10,2018,warwick,150,dilution,25,na,
16,10,2018,warwick,150,aliquots,5,na,
16,10,2018,warwick,150,cyclopoid,27,copepod,
16,10,2018,warwick,150,ceriodaphnia,1,cladocera,
16,10,2018,warwick,150,chydorus,12,cladocera,
16,10,2018,warwick,150,bosmina,25,cladocera,
16,10,2018,warwick,150,daphnia,3,cladocera,
22,10,2018,mashapaug,150,dilution,125,na,
22,10,2018,mashapaug,150,aliquots,3,na,
22,10,2018,mashapaug,150,cyclopoid,87,copepod,
22,10,2018,mashapaug,150,ceriodaphnia,6,cladocera,
22,10,2018,mashapaug,150,calanoid,189,copepod,
22,10,2018,mashapaug,150,bosmina,53,cladocera,
22,10,2018,mashapaug,150,daphnia,126,cladocera,
22,10,2018,mashapaug,150,diaphanosoma,4,cladocera,
22,10,2018,warwick,150,dilution,25,na,
22,10,2018,warwick,150,aliquots,5,na,
22,10,2018,warwick,150,cyclopoid,8,copepod,
22,10,2018,warwick,150,calanoid,4,copepod,
22,10,2018,warwick,150,chydorus,4,cladocera,
22,10,2018,warwick,150,bosmina,4,cladocera,
22,10,2018,warwick,150,daphnia,1,cladocera,
24,10,2018,yawgoo,150,dilution,75,na,
24,10,2018,yawgoo,150,aliquots,2,na,
24,10,2018,yawgoo,150,calanoid,249,copepod,
24,10,2018,yawgoo,150,daphnia,27,cladocera,
24,10,2018,yawgoo,150,cyclopoid,21,copepod,
24,10,2018,yawgoo,150,eubosmina,30,cladocera,
24,10,2018,yawgoo,150,diaphanosoma,1,cladocera,
30,10,2018,mashapaug,150,dilution,100,na,
30,10,2018,mashapaug,150,aliquots,3,na,
30,10,2018,mashapaug,150,cyclopoid,97,copepod,
30,10,2018,mashapaug,150,ceriodaphnia,10,cladocera,
30,10,2018,mashapaug,150,calanoid,134,copepod,
30,10,2018,mashapaug,150,bosmina,84,cladocera,
30,10,2018,mashapaug,150,daphnia,181,cladocera,
30,10,2018,mashapaug,150,diaphanosoma,3,cladocera,
30,10,2018,mashapaug,150,eubosmina,6,cladocera,
30,10,2018,warwick,150,dilution,25,na,
30,10,2018,warwick,150,aliquots,5,na,
30,10,2018,warwick,150,cyclopoid,123,copepod,
30,10,2018,warwick,150,chydorus,13,cladocera,
30,10,2018,warwick,150,bosmina,49,cladocera,
30,10,2018,warwick,150,daphnia,1,cladocera,
31,10,2018,yawgoo,150,dilution,30,na,
31,10,2018,yawgoo,150,aliquots,2,na,
31,10,2018,yawgoo,150,calanoid,214,copepod,
31,10,2018,yawgoo,150,daphnia,26,cladocera,
31,10,2018,yawgoo,150,cyclopoid,72,copepod,
31,10,2018,yawgoo,150,eubosmina,9,cladocera,
31,10,2018,yawgoo,150,diaphanosoma,1,cladocera,
31,10,2018,yawgoo,150,alona,1,cladocera,
8,11,2018,mashapaug,150,dilution,55,na,
8,11,2018,mashapaug,150,aliquots,2,na,
8,11,2018,mashapaug,150,cyclopoid,89,copepod,
8,11,2018,mashapaug,150,ceriodaphnia,1,cladocera,
8,11,2018,mashapaug,150,calanoid,51,copepod,
8,11,2018,mashapaug,150,bosmina,319,cladocera,
8,11,2018,mashapaug,150,daphnia,147,cladocera,
8,11,2018,mashapaug,150,diaphanosoma,2,cladocera,
8,11,2018,mashapaug,150,eubosmina,12,cladocera,
8,11,2018,warwick,150,dilution,30,na,
8,11,2018,warwick,150,aliquots,3,na,
8,11,2018,warwick,150,cyclopoid,219,copepod,
8,11,2018,warwick,150,chydorus,16,cladocera,
8,11,2018,warwick,150,bosmina,31,cladocera,
8,11,2018,warwick,150,camptocercas,2,cladocera,
3,12,2018,mashapaug,150,dilution,90,na,
3,12,2018,mashapaug,150,aliquots,2,na,
3,12,2018,mashapaug,150,cyclopoid,29,copepod,
3,12,2018,mashapaug,150,calanoid,70,copepod,
3,12,2018,mashapaug,150,bosmina,52,cladocera,
3,12,2018,mashapaug,150,daphnia,211,cladocera,
3,12,2018,warwick,150,dilution,75,na,
3,12,2018,warwick,150,aliquots,2,na,
3,12,2018,warwick,150,cyclopoid,392,copepod,
3,12,2018,warwick,150,chydorus,1,cladocera,
3,12,2018,warwick,150,bosmina,33,cladocera,
11,6,2018,mashapaug,50,dilution,250,na,
11,6,2018,mashapaug,50,aliquots,2,na,
11,6,2018,mashapaug,50,nauplii,123,nauplii,
11,6,2018,mashapaug,50,rotifer,543,rotifer,
12,6,2018,warwick,50,dilution,200,na,
12,6,2018,warwick,50,aliquots,1,na,
12,6,2018,warwick,50,nauplii,24,nauplii,
12,6,2018,warwick,50,rotifer,1681,rotifer,
13,6,2018,yawgoo,50,dilution,150,na,
13,6,2018,yawgoo,50,aliquots,1,na,
13,6,2018,yawgoo,50,nauplii,106,nauplii,
13,6,2018,yawgoo,50,rotifer,289,rotifer,
18,6,2018,mashapaug,50,dilution,100,na,
18,6,2018,mashapaug,50,aliquots,1,na,
18,6,2018,mashapaug,50,rotifer,1615,rotifer,
18,6,2018,mashapaug,50,nauplii,45,nauplii,
18,6,2018,warwick,50,dilution,800,na,
18,6,2018,warwick,50,aliquots,1,na,
18,6,2018,warwick,50,rotifer,432,rotifer,
18,6,2018,warwick,50,nauplii,17,nauplii,
20,6,2018,yawgoo,50,dilution,150,na,
20,6,2018,yawgoo,50,aliquots,2,na,
20,6,2018,yawgoo,50,rotifer,329,rotifer,
20,6,2018,yawgoo,50,nauplii,209,nauplii,
25,6,2018,mashapaug,50,dilution,250,na,
25,6,2018,mashapaug,50,aliquots,1,na,
25,6,2018,mashapaug,50,rotifer,328,rotifer,
25,6,2018,mashapaug,50,nauplii,65,nauplii,
25,6,2018,warwick,50,dilution,450,na,
25,6,2018,warwick,50,aliquots,1,na,
25,6,2018,warwick,50,rotifer,360,rotifer,
25,6,2018,warwick,50,nauplii,12,nauplii,
29,6,2018,yawgoo,50,dilution,100,na,
29,6,2018,yawgoo,50,aliquots,1,na,
29,6,2018,yawgoo,50,rotifer,195,rotifer,
29,6,2018,yawgoo,50,nauplii,177,nauplii,
2,7,2018,mashapaug,50,dilution,75,na,
2,7,2018,mashapaug,50,aliquots,1,na,
2,7,2018,mashapaug,50,rotifer,535,rotifer,
2,7,2018,mashapaug,50,nauplii,142,nauplii,
2,7,2018,warwick,50,dilution,400,na,
2,7,2018,warwick,50,aliquots,1,na,
2,7,2018,warwick,50,rotifer,472,rotifer,
2,7,2018,warwick,50,nauplii,31,nauplii,
5,7,2018,yawgoo,50,dilution,65,na,
5,7,2018,yawgoo,50,aliquots,1,na,
5,7,2018,yawgoo,50,rotifer,269,rotifer,
5,7,2018,yawgoo,50,nauplii,144,nauplii,
9,7,2018,mashapaug,50,dilution,100,na,
9,7,2018,mashapaug,50,aliquots,1,na,
9,7,2018,mashapaug,50,rotifer,460,rotifer,
9,7,2018,mashapaug,50,nauplii,70,nauplii,
9,7,2018,warwick,50,dilution,500,na,
9,7,2018,warwick,50,aliquots,1,na,
9,7,2018,warwick,50,rotifer,456,rotifer,
9,7,2018,warwick,50,nauplii,9,nauplii,
12,7,2018,yawgoo,50,dilution,75,na,
12,7,2018,yawgoo,50,aliquots,1,na,
12,7,2018,yawgoo,50,rotifer,386,rotifer,
12,7,2018,yawgoo,50,nauplii,116,nauplii,
16,7,2018,yawgoo,50,dilution,100,na,
16,7,2018,yawgoo,50,aliquots,1,na,
16,7,2018,yawgoo,50,rotifer,291,rotifer,
16,7,2018,yawgoo,50,nauplii,102,nauplii,
18,7,2018,mashapaug,50,dilution,100,na,
18,7,2018,mashapaug,50,aliquots,1,na,
18,7,2018,mashapaug,50,rotifer,485,rotifer,
18,7,2018,mashapaug,50,nauplii,37,nauplii,
18,7,2018,warwick,50,dilution,375,na,
18,7,2018,warwick,50,aliquots,1,na,
18,7,2018,warwick,50,rotifer,399,rotifer,
18,7,2018,warwick,50,nauplii,33,nauplii,
31,7,2018,yawgoo,50,dilution,75,na,
31,7,2018,yawgoo,50,aliquots,1,na,
31,7,2018,yawgoo,50,rotifer,446,rotifer,
31,7,2018,yawgoo,50,nauplii,83,nauplii,
2,8,2018,mashapaug,50,dilution,125,na,
2,8,2018,mashapaug,50,aliquots,1,na,
2,8,2018,mashapaug,50,rotifer,370,rotifer,
2,8,2018,mashapaug,50,nauplii,35,nauplii,
2,8,2018,warwick,50,dilution,25,na,possibly wrong sample
2,8,2018,warwick,50,aliquots,2,na,
2,8,2018,warwick,50,rotifer,119,rotifer,
2,8,2018,warwick,50,nauplii,3,nauplii,
6,8,2018,mashapaug,50,dilution,105,na,
6,8,2018,mashapaug,50,aliquots,1,na,
6,8,2018,mashapaug,50,rotifer,412,rotifer,
6,8,2018,mashapaug,50,nauplii,34,nauplii,
6,8,2018,warwick,50,dilution,150,na,
6,8,2018,warwick,50,aliquots,1,na,
6,8,2018,warwick,50,rotifer,347,rotifer,
6,8,2018,warwick,50,nauplii,21,nauplii,
7,8,2018,yawgoo,50,dilution,50,na,
7,8,2018,yawgoo,50,aliquots,2,na,
7,8,2018,yawgoo,50,rotifer,422,rotifer,
7,8,2018,yawgoo,50,nauplii,150,nauplii,
14,8,2018,yawgoo,50,dilution,25,na,
14,8,2018,yawgoo,50,aliquots,1,na,
14,8,2018,yawgoo,50,rotifer,612,rotifer,
14,8,2018,yawgoo,50,nauplii,158,nauplii,
16,8,2018,mashapaug,50,dilution,300,na,
16,8,2018,mashapaug,50,aliquots,1,na,
16,8,2018,mashapaug,50,rotifer,415,rotifer,
16,8,2018,mashapaug,50,nauplii,26,nauplii,
16,8,2018,warwick,50,dilution,100,na,
16,8,2018,warwick,50,aliquots,1,na,
16,8,2018,warwick,50,rotifer,505,rotifer,
16,8,2018,warwick,50,nauplii,26,nauplii,
20,8,2018,yawgoo,50,dilution,50,na,
20,8,2018,yawgoo,50,aliquots,1,na,
20,8,2018,yawgoo,50,rotifer,565,rotifer,
20,8,2018,yawgoo,50,nauplii,77,nauplii,
23,8,2018,warwick,50,dilution,100,na,
23,8,2018,warwick,50,aliquots,1,na,
23,8,2018,warwick,50,rotifer,481,rotifer,
23,8,2018,warwick,50,nauplii,14,nauplii,
23,8,2018,mashapaug,50,dilution,200,na,
23,8,2018,mashapaug,50,aliquots,1,na,
23,8,2018,mashapaug,50,rotifer,698,rotifer,
23,8,2018,mashapaug,50,nauplii,60,nauplii,
27,8,2018,mashapaug,50,dilution,300,na,
27,8,2018,mashapaug,50,aliquots,1,na,
27,8,2018,mashapaug,50,rotifer,416,rotifer,
27,8,2018,mashapaug,50,nauplii,34,nauplii,
27,8,2018,warwick,50,dilution,105,na,
27,8,2018,warwick,50,aliquots,1,na,
27,8,2018,warwick,50,rotifer,410,rotifer,
27,8,2018,warwick,50,nauplii,14,nauplii,
30,8,2018,yawgoo,50,dilution,50,na,
30,8,2018,yawgoo,50,aliquots,1,na,
30,8,2018,yawgoo,50,rotifer,397,rotifer,
30,8,2018,yawgoo,50,nauplii,75,nauplii,
4,9,2018,mashapaug,50,dilution,175,na,
4,9,2018,mashapaug,50,aliquots,1,na,
4,9,2018,mashapaug,50,rotifer,403,rotifer,
4,9,2018,mashapaug,50,nauplii,78,nauplii,
4,9,2018,warwick,50,dilution,100,na,
4,9,2018,warwick,50,aliquots,1,na,
4,9,2018,warwick,50,rotifer,419,rotifer,
4,9,2018,warwick,50,nauplii,5,nauplii,
5,9,2018,yawgoo,50,dilution,25,na,
5,9,2018,yawgoo,50,aliquots,2,na,
5,9,2018,yawgoo,50,rotifer,258,rotifer,
5,9,2018,yawgoo,50,nauplii,148,nauplii,
13,9,2018,mashapaug,50,dilution,175,na,
13,9,2018,mashapaug,50,aliquots,1,na,
13,9,2018,mashapaug,50,rotifer,520,rotifer,
13,9,2018,mashapaug,50,nauplii,70,nauplii,
13,9,2018,warwick,50,dilution,250,na,
13,9,2018,warwick,50,aliquots,1,na,
13,9,2018,warwick,50,rotifer,488,rotifer,
13,9,2018,warwick,50,nauplii,10,nauplii,
17,9,2018,mashapaug,50,dilution,200,na,
17,9,2018,mashapaug,50,aliquots,1,na,
17,9,2018,mashapaug,50,rotifer,296,rotifer,
17,9,2018,mashapaug,50,nauplii,119,nauplii,
17,9,2018,warwick,50,dilution,275,na,
17,9,2018,warwick,50,aliquots,1,na,
17,9,2018,warwick,50,rotifer,412,rotifer,
17,9,2018,warwick,50,nauplii,18,nauplii,
18,9,2018,yawgoo,50,dilution,20,na,
18,9,2018,yawgoo,50,aliquots,1,na,
18,9,2018,yawgoo,50,rotifer,251,rotifer,
18,9,2018,yawgoo,50,nauplii,342,nauplii,
24,9,2018,mashapaug,50,dilution,175,na,
24,9,2018,mashapaug,50,aliquots,1,na,
24,9,2018,mashapaug,50,rotifer,352,rotifer,
24,9,2018,mashapaug,50,nauplii,77,nauplii,
24,9,2018,warwick,50,dilution,150,na,
24,9,2018,warwick,50,aliquots,1,na,
24,9,2018,warwick,50,rotifer,765,rotifer,
24,9,2018,warwick,50,nauplii,10,nauplii,
26,9,2018,yawgoo,50,dilution,20,na,
26,9,2018,yawgoo,50,aliquots,1,na,
26,9,2018,yawgoo,50,rotifer,102,rotifer,
26,9,2018,yawgoo,50,nauplii,312,nauplii,
1,10,2018,mashapaug,50,dilution,75,na,
1,10,2018,mashapaug,50,aliquots,1,na,
1,10,2018,mashapaug,50,rotifer,355,rotifer,
1,10,2018,mashapaug,50,nauplii,51,nauplii,
2,10,2018,yawgoo,50,dilution,50,na,
2,10,2018,yawgoo,50,aliquots,1,na,
2,10,2018,yawgoo,50,rotifer,248,rotifer,
2,10,2018,yawgoo,50,nauplii,170,nauplii,
1,10,2018,warwick,50,dilution,200,na,
1,10,2018,warwick,50,aliquots,1,na,
1,10,2018,warwick,50,rotifer,437,rotifer,
1,10,2018,warwick,50,nauplii,20,nauplii,
9,10,2018,mashapaug,50,dilution,275,na,
9,10,2018,mashapaug,50,aliquots,1,na,
9,10,2018,mashapaug,50,rotifer,436,rotifer,
9,10,2018,mashapaug,50,nauplii,60,nauplii,
9,10,2018,warwick,50,dilution,325,na,
9,10,2018,warwick,50,aliquots,1,na,
9,10,2018,warwick,50,rotifer,390,rotifer,
9,10,2018,warwick,50,nauplii,26,nauplii,
11,10,2018,yawgoo,50,dilution,55,na,
11,10,2018,yawgoo,50,aliquots,1,na,
11,10,2018,yawgoo,50,rotifer,337,rotifer,
11,10,2018,yawgoo,50,nauplii,54,nauplii,
16,10,2018,mashapaug,50,dilution,350,na,
16,10,2018,mashapaug,50,aliquots,1,na,
16,10,2018,mashapaug,50,rotifer,379,rotifer,
16,10,2018,mashapaug,50,nauplii,16,nauplii,
16,10,2018,warwick,50,dilution,550,na,
16,10,2018,warwick,50,aliquots,1,na,
16,10,2018,warwick,50,rotifer,406,rotifer,
16,10,2018,warwick,50,nauplii,8,nauplii,
22,10,2018,mashapaug,50,dilution,225,na,
22,10,2018,mashapaug,50,aliquots,1,na,
22,10,2018,mashapaug,50,rotifer,403,rotifer,
22,10,2018,mashapaug,50,nauplii,26,nauplii,
22,10,2018,warwick,50,dilution,350,na,
22,10,2018,warwick,50,aliquots,1,na,
22,10,2018,warwick,50,rotifer,467,rotifer,
22,10,2018,warwick,50,nauplii,12,nauplii,
24,10,2018,yawgoo,50,dilution,20,na,
24,10,2018,yawgoo,50,aliquots,1,na,
24,10,2018,yawgoo,50,rotifer,227,rotifer,
24,10,2018,yawgoo,50,nauplii,188,nauplii,
30,10,2018,warwick,50,dilution,650,na,
30,10,2018,warwick,50,aliquots,1,na,
30,10,2018,warwick,50,rotifer,419,rotifer,
30,10,2018,warwick,50,nauplii,14,nauplii,
30,10,2018,mashapaug,50,dilution,125,na,
30,10,2018,mashapaug,50,aliquots,1,na,
30,10,2018,mashapaug,50,rotifer,360,rotifer,
30,10,2018,mashapaug,50,nauplii,48,nauplii,
31,10,2018,yawgoo,50,dilution,15,na,
31,10,2018,yawgoo,50,aliquots,1,na,
31,10,2018,yawgoo,50,rotifer,331,rotifer,
31,10,2018,yawgoo,50,nauplii,99,nauplii,
3,12,2018,warwick,50,dilution,225,na,
3,12,2018,warwick,50,aliquots,1,na,
3,12,2018,warwick,50,rotifer,246,rotifer,
3,12,2018,warwick,50,nauplii,242,nauplii,
8,11,2018,warwick,50,dilution,850,na,
8,11,2018,warwick,50,aliquots,1,na,
8,11,2018,warwick,50,rotifer,426,rotifer,
8,11,2018,warwick,50,nauplii,42,nauplii,
3,12,2018,mashapaug,50,dilution,150,na,
3,12,2018,mashapaug,50,aliquots,1,na,
3,12,2018,mashapaug,50,rotifer,414,rotifer,
3,12,2018,mashapaug,50,nauplii,81,nauplii,
8,11,2018,mashapaug,50,dilution,45,na,
8,11,2018,mashapaug,50,aliquots,1,na,
8,11,2018,mashapaug,50,rotifer,452,rotifer,
8,11,2018,mashapaug,50,nauplii,197,nauplii,
5,6,2019,mashapaug,150,dilution,75,na,
5,6,2019,mashapaug,150,aliquots,2,na,
5,6,2019,mashapaug,150,cyclopoid,54,copepod,
5,6,2019,mashapaug,150,calanoid,62,copepod,
5,6,2019,mashapaug,150,bosmina,7,cladocera,
5,6,2019,mashapaug,150,daphnia,248,cladocera,
5,6,2019,mashapaug,150,alona,1,cladocera,
5,6,2019,warwick,150,dilution,500,na,
5,6,2019,warwick,150,aliquots,2,na,
5,6,2019,warwick,150,cyclopoid,40,copepod,
5,6,2019,warwick,150,daphnia,45,cladocera,
5,6,2019,warwick,150,bosmina,412,cladocera,
5,6,2019,warwick,150,alona,1,cladocera,
7,6,2019,yawgoo,150,dilution,25,na,
7,6,2019,yawgoo,150,aliquots,1,na,
7,6,2019,yawgoo,150,calanoid,281,copepod,
7,6,2019,yawgoo,150,daphnia,79,cladocera,
7,6,2019,yawgoo,150,cyclopoid,9,copepod,
7,6,2019,yawgoo,150,diaphanosoma,4,cladocera,
10,6,2019,yawgoo,150,dilution,50,na,
10,6,2019,yawgoo,150,aliquots,2,na,
10,6,2019,yawgoo,150,calanoid,347,copepod,
10,6,2019,yawgoo,150,daphnia,65,cladocera,
10,6,2019,yawgoo,150,cyclopoid,14,copepod,
10,6,2019,yawgoo,150,diaphanosoma,1,cladocera,
12,6,2019,mashapaug,150,dilution,100,na,
12,6,2019,mashapaug,150,aliquots,2,na,
12,6,2019,mashapaug,150,cyclopoid,14,copepod,
12,6,2019,mashapaug,150,calanoid,86,copepod,
12,6,2019,mashapaug,150,bosmina,1,cladocera,
12,6,2019,mashapaug,150,daphnia,212,cladocera,
12,6,2019,mashapaug,150,chydorus,3,cladocera,
12,6,2019,warwick,150,dilution,1000,na,
12,6,2019,warwick,150,aliquots,2,na,
12,6,2019,warwick,150,cyclopoid,16,copepod,
12,6,2019,warwick,150,daphnia,16,cladocera,
12,6,2019,warwick,150,bosmina,325,cladocera,
12,6,2019,warwick,150,eubosmina,1,cladocera,
18,6,2019,mashapaug,150,dilution,85,na,
18,6,2019,mashapaug,150,aliquots,3,na,
18,6,2019,mashapaug,150,cyclopoid,34,copepod,
18,6,2019,mashapaug,150,calanoid,188,copepod,
18,6,2019,mashapaug,150,bosmina,22,cladocera,
18,6,2019,mashapaug,150,daphnia,177,cladocera,
18,6,2019,mashapaug,150,alona,1,cladocera,
26,6,2019,yawgoo,150,dilution,50,na,
26,6,2019,yawgoo,150,aliquots,2,na,
26,6,2019,yawgoo,150,calanoid,300,copepod,
26,6,2019,yawgoo,150,daphnia,120,cladocera,
26,6,2019,yawgoo,150,cyclopoid,7,copepod,
26,6,2019,yawgoo,150,diaphanosoma,2,cladocera,
27,6,2019,mashapaug,150,dilution,75,na,
27,6,2019,mashapaug,150,aliquots,1,na,
27,6,2019,mashapaug,150,cyclopoid,24,copepod,
27,6,2019,mashapaug,150,calanoid,216,copepod,
27,6,2019,mashapaug,150,bosmina,10,cladocera,
27,6,2019,mashapaug,150,daphnia,4,cladocera,
27,6,2019,mashapaug,150,diaphanosoma,1,cladocera,
27,6,2019,mashapaug,150,ceriodaphnia,1,cladocera,
27,6,2019,warwick,150,dilution,30,na,
27,6,2019,warwick,150,aliquots,5,na,
27,6,2019,warwick,150,cyclopoid,200,copepod,
27,6,2019,warwick,150,daphnia,1,cladocera,
27,6,2019,warwick,150,bosmina,154,cladocera,
27,6,2019,warwick,150,calanoid,28,copepod,
27,6,2019,warwick,150,ceriodaphnia,1,cladocera,
8,7,2019,mashapaug,150,dilution,150,na,
8,7,2019,mashapaug,150,aliquots,2,na,
8,7,2019,mashapaug,150,cyclopoid,70,copepod,
8,7,2019,mashapaug,150,calanoid,33,copepod,
8,7,2019,mashapaug,150,bosmina,100,cladocera,
8,7,2019,mashapaug,150,diaphanosoma,61,cladocera,
8,7,2019,mashapaug,150,ceriodaphnia,229,cladocera,
8,7,2019,warwick,150,dilution,15,na,
8,7,2019,warwick,150,aliquots,5,na,
8,7,2019,warwick,150,cyclopoid,16,copepod,
8,7,2019,warwick,150,bosmina,3,cladocera,
8,7,2019,warwick,150,ceriodaphnia,5,cladocera,
8,7,2019,warwick,150,eubosmina,2,cladocera,
8,7,2019,warwick,150,diaphanosoma,1,cladocera,
8,7,2019,yawgoo,150,dilution,50,na,
8,7,2019,yawgoo,150,aliquots,2,na,
8,7,2019,yawgoo,150,calanoid,183,copepod,
8,7,2019,yawgoo,150,daphnia,55,cladocera,
8,7,2019,yawgoo,150,cyclopoid,17,copepod,
8,7,2019,yawgoo,150,ceriodaphnia,1,cladocera,
22,7,2019,yawgoo,150,dilution,25,na,
22,7,2019,yawgoo,150,aliquots,2,na,
22,7,2019,yawgoo,150,calanoid,342,copepod,
22,7,2019,yawgoo,150,daphnia,42,cladocera,
22,7,2019,yawgoo,150,cyclopoid,53,copepod,
22,7,2019,yawgoo,150,diaphanosoma,3,cladocera,
24,7,2019,mashapaug,150,dilution,175,na,
24,7,2019,mashapaug,150,aliquots,2,na,
24,7,2019,mashapaug,150,cyclopoid,5,copepod,
24,7,2019,mashapaug,150,calanoid,55,copepod,
24,7,2019,mashapaug,150,bosmina,166,cladocera,
24,7,2019,mashapaug,150,diaphanosoma,34,cladocera,
24,7,2019,mashapaug,150,ceriodaphnia,62,cladocera,
24,7,2019,warwick,150,dilution,20,na,
24,7,2019,warwick,150,aliquots,5,na,
24,7,2019,warwick,150,cyclopoid,10,copepod,
24,7,2019,warwick,150,bosmina,11,cladocera,
24,7,2019,warwick,150,ceriodaphnia,2,cladocera,
24,7,2019,warwick,150,calanoid,2,copepod,
24,7,2019,warwick,150,diaphanosoma,2,cladocera,
29,7,2019,yawgoo,150,dilution,45,na,
29,7,2019,yawgoo,150,aliquots,2,na,
29,7,2019,yawgoo,150,calanoid,194,copepod,
29,7,2019,yawgoo,150,daphnia,89,cladocera,
29,7,2019,yawgoo,150,cyclopoid,20,copepod,
30,7,2019,mashapaug,150,dilution,100,na,
30,7,2019,mashapaug,150,aliquots,3,na,
30,7,2019,mashapaug,150,cyclopoid,12,copepod,
30,7,2019,mashapaug,150,calanoid,77,copepod,
30,7,2019,mashapaug,150,bosmina,177,cladocera,
30,7,2019,mashapaug,150,diaphanosoma,90,cladocera,
30,7,2019,mashapaug,150,ceriodaphnia,129,cladocera,
30,7,2019,mashapaug,150,chydorus,2,cladocera,
30,7,2019,warwick,150,dilution,15,na,
30,7,2019,warwick,150,aliquots,5,na,
30,7,2019,warwick,150,cyclopoid,35,copepod,
30,7,2019,warwick,150,bosmina,1,cladocera,
5,8,2019,yawgoo,150,dilution,50,na,
5,8,2019,yawgoo,150,aliquots,2,na,
5,8,2019,yawgoo,150,calanoid,367,copepod,
5,8,2019,yawgoo,150,daphnia,29,cladocera,
5,8,2019,yawgoo,150,cyclopoid,19,copepod,
5,8,2019,yawgoo,150,diaphanosoma,1,cladocera,
5,8,2019,yawgoo,150,eubosmina,1,cladocera,
12,8,2019,yawgoo,150,dilution,60,na,
12,8,2019,yawgoo,150,aliquots,2,na,
12,8,2019,yawgoo,150,calanoid,275,copepod,
12,8,2019,yawgoo,150,daphnia,13,cladocera,
12,8,2019,yawgoo,150,cyclopoid,23,copepod,
12,8,2019,yawgoo,150,diaphanosoma,3,cladocera,
12,8,2019,yawgoo,150,eubosmina,4,cladocera,
14,8,2019,mashapaug,150,dilution,100,na,
14,8,2019,mashapaug,150,aliquots,3,na,
14,8,2019,mashapaug,150,cyclopoid,64,copepod,
14,8,2019,mashapaug,150,calanoid,64,copepod,
14,8,2019,mashapaug,150,bosmina,237,cladocera,
14,8,2019,mashapaug,150,diaphanosoma,60,cladocera,
14,8,2019,mashapaug,150,ceriodaphnia,201,cladocera,
14,8,2019,mashapaug,150,daphnia,3,cladocera,
14,8,2019,warwick,150,dilution,15,na,
14,8,2019,warwick,150,aliquots,5,na,
14,8,2019,warwick,150,cyclopoid,68,copepod,
14,8,2019,warwick,150,bosmina,9,cladocera,
14,8,2019,warwick,150,chydorus,5,cladocera,
14,8,2019,warwick,150,eubosmina,2,cladocera,
14,8,2019,warwick,150,ceriodaphnia,2,cladocera,
19,8,2019,yawgoo,150,dilution,70,na,
19,8,2019,yawgoo,150,aliquots,2,na,
19,8,2019,yawgoo,150,calanoid,212,copepod,
19,8,2019,yawgoo,150,daphnia,4,cladocera,
19,8,2019,yawgoo,150,cyclopoid,14,copepod,
19,8,2019,yawgoo,150,diaphanosoma,1,cladocera,
19,8,2019,yawgoo,150,eubosmina,1,cladocera,
21,8,2019,mashapaug,150,dilution,150,na,
21,8,2019,mashapaug,150,aliquots,2,na,
21,8,2019,mashapaug,150,cyclopoid,84,copepod,
21,8,2019,mashapaug,150,calanoid,46,copepod,
21,8,2019,mashapaug,150,bosmina,261,cladocera,
21,8,2019,mashapaug,150,diaphanosoma,33,cladocera,
21,8,2019,mashapaug,150,ceriodaphnia,239,cladocera,
21,8,2019,warwick,150,dilution,15,na,
21,8,2019,warwick,150,aliquots,5,na,
21,8,2019,warwick,150,cyclopoid,36,copepod,
21,8,2019,warwick,150,bosmina,9,cladocera,
21,8,2019,warwick,150,chydorus,2,cladocera,
21,8,2019,warwick,150,ceriodaphnia,2,cladocera,
26,8,2019,yawgoo,150,dilution,50,na,
26,8,2019,yawgoo,150,aliquots,2,na,
26,8,2019,yawgoo,150,calanoid,197,copepod,
26,8,2019,yawgoo,150,daphnia,7,cladocera,
26,8,2019,yawgoo,150,cyclopoid,21,copepod,
26,8,2019,yawgoo,150,diaphanosoma,10,cladocera,
26,8,2019,yawgoo,150,eubosmina,9,cladocera,
28,8,2019,mashapaug,150,dilution,150,na,
28,8,2019,mashapaug,150,aliquots,2,na,
28,8,2019,mashapaug,150,cyclopoid,68,copepod,
28,8,2019,mashapaug,150,calanoid,53,copepod,
28,8,2019,mashapaug,150,bosmina,153,cladocera,
28,8,2019,mashapaug,150,diaphanosoma,46,cladocera,
28,8,2019,mashapaug,150,ceriodaphnia,236,cladocera,
28,8,2019,mashapaug,150,eubosmina,2,cladocera,
4,9,2019,mashapaug,150,dilution,250,na,
4,9,2019,mashapaug,150,aliquots,2,na,
4,9,2019,mashapaug,150,cyclopoid,32,copepod,
4,9,2019,mashapaug,150,calanoid,23,copepod,
4,9,2019,mashapaug,150,bosmina,24,cladocera,
4,9,2019,mashapaug,150,diaphanosoma,40,cladocera,
4,9,2019,mashapaug,150,ceriodaphnia,204,cladocera,
4,9,2019,mashapaug,150,eubosmina,3,cladocera,
4,9,2019,warwick,150,dilution,15,na,
4,9,2019,warwick,150,aliquots,5,na,
4,9,2019,warwick,150,cyclopoid,50,copepod,
4,9,2019,warwick,150,bosmina,12,cladocera,
4,9,2019,warwick,150,chydorus,1,cladocera,
4,9,2019,warwick,150,ceriodaphnia,4,cladocera,
4,9,2019,warwick,150,eubosmina,2,cladocera,
4,9,2019,warwick,150,alona,1,cladocera,
4,9,2019,yawgoo,150,dilution,60,na,
4,9,2019,yawgoo,150,aliquots,2,na,
4,9,2019,yawgoo,150,calanoid,285,copepod,
4,9,2019,yawgoo,150,daphnia,4,cladocera,
4,9,2019,yawgoo,150,cyclopoid,17,copepod,
4,9,2019,yawgoo,150,diaphanosoma,28,cladocera,
4,9,2019,yawgoo,150,eubosmina,11,cladocera,
9,9,2019,mashapaug,150,dilution,200,na,
9,9,2019,mashapaug,150,aliquots,2,na,
9,9,2019,mashapaug,150,cyclopoid,76,copepod,
9,9,2019,mashapaug,150,calanoid,35,copepod,
9,9,2019,mashapaug,150,bosmina,71,cladocera,
9,9,2019,mashapaug,150,diaphanosoma,45,cladocera,
9,9,2019,mashapaug,150,ceriodaphnia,264,cladocera,
9,9,2019,warwick,150,dilution,15,na,
9,9,2019,warwick,150,aliquots,3,na,
9,9,2019,warwick,150,cyclopoid,258,copepod,
9,9,2019,warwick,150,bosmina,27,cladocera,
9,9,2019,warwick,150,chydorus,4,cladocera,
9,9,2019,warwick,150,ceriodaphnia,1,cladocera,
9,9,2019,warwick,150,alona,1,cladocera,
9,9,2019,yawgoo,150,dilution,75,na,
9,9,2019,yawgoo,150,aliquots,1,na,
9,9,2019,yawgoo,150,calanoid,218,copepod,
9,9,2019,yawgoo,150,ceriodaphnia,1,cladocera,
9,9,2019,yawgoo,150,cyclopoid,9,copepod,
9,9,2019,yawgoo,150,diaphanosoma,34,cladocera,
9,9,2019,yawgoo,150,eubosmina,5,cladocera,
16,9,2019,mashapaug,150,dilution,350,na,
16,9,2019,mashapaug,150,aliquots,2,na,
16,9,2019,mashapaug,150,cyclopoid,8,copepod,
16,9,2019,mashapaug,150,calanoid,33,copepod,
16,9,2019,mashapaug,150,bosmina,72,cladocera,
16,9,2019,mashapaug,150,diaphanosoma,22,cladocera,
16,9,2019,mashapaug,150,ceriodaphnia,202,cladocera,
16,9,2019,mashapaug,150,chydorus,2,cladocera,
16,9,2019,warwick,150,dilution,15,na,
16,9,2019,warwick,150,aliquots,5,na,
16,9,2019,warwick,150,cyclopoid,120,copepod,
16,9,2019,warwick,150,bosmina,68,cladocera,
16,9,2019,warwick,150,chydorus,2,cladocera,
16,9,2019,warwick,150,ceriodaphnia,5,cladocera,
16,9,2019,warwick,150,eubosmina,1,cladocera,
16,9,2019,warwick,150,daphnia,1,cladocera,
23,9,2019,mashapaug,150,dilution,250,na,
23,9,2019,mashapaug,150,aliquots,2,na,
23,9,2019,mashapaug,150,cyclopoid,17,copepod,
23,9,2019,mashapaug,150,calanoid,27,copepod,
23,9,2019,mashapaug,150,bosmina,52,cladocera,
23,9,2019,mashapaug,150,diaphanosoma,11,cladocera,
23,9,2019,mashapaug,150,ceriodaphnia,235,cladocera,
23,9,2019,mashapaug,150,chydorus,3,cladocera,
23,9,2019,warwick,150,dilution,15,na,
23,9,2019,warwick,150,aliquots,3,na,
23,9,2019,warwick,150,cyclopoid,235,copepod,
23,9,2019,warwick,150,bosmina,48,cladocera,
23,9,2019,warwick,150,chydorus,5,cladocera,
23,9,2019,warwick,150,ceriodaphnia,4,cladocera,
23,9,2019,warwick,150,daphnia,1,cladocera,
26,9,2019,yawgoo,150,dilution,125,na,
26,9,2019,yawgoo,150,aliquots,3,na,
26,9,2019,yawgoo,150,calanoid,214,copepod,
26,9,2019,yawgoo,150,daphnia,3,cladocera,
26,9,2019,yawgoo,150,cyclopoid,22,copepod,
26,9,2019,yawgoo,150,diaphanosoma,61,cladocera,
26,9,2019,yawgoo,150,eubosmina,11,cladocera,
